// Ready-state spans extracted unchanged from the approved BOX-3 Peel sprites.
// RGB565 spans: y, x, length, pixels; 0xFFFF terminates.
#pragma once
#include <Arduino.h>
#define PEEL_FRAME_MS 620

static const uint16_t PEEL_ready_chr_right[] PROGMEM = {
  0x0031,0x00C5,0x0011,0x0820,0x1040,0x1880,0x1880,0x20A0,0x20A0,0x20A0,0x20A0,0x28C1,0x28C1,0x28E1,0x28E1,0x30E1,
  0x20C0,0x1060,0x1040,0x0020,0x0032,0x00C0,0x0019,0x0020,0x1040,0x1880,0x20A0,0x20A0,0x28C1,0x28C1,0x28C1,0x28C1,
  0x28E1,0x30E1,0x3101,0x3101,0x3921,0x3901,0x3901,0x3901,0x3101,0x3101,0x3101,0x3121,0x3101,0x28C1,0x20C1,0x0840,
  0x0033,0x00BE,0x001D,0x1040,0x2080,0x28C0,0x28E0,0x28E1,0x28E1,0x28E1,0x28E1,0x28C1,0x28C1,0x28E1,0x30E1,0x30E1,
  0x3101,0x3101,0x3101,0x3101,0x3101,0x3101,0x3101,0x3101,0x3101,0x3101,0x3121,0x3921,0x3921,0x28E1,0x1080,0x0820,
  0x0034,0x00BB,0x0023,0x0820,0x1880,0x20A0,0x28C0,0x28C0,0x28C0,0x28E1,0x28E1,0x28E1,0x28C0,0x28A0,0x28C0,0x28E0,
  0x28E1,0x28E1,0x3121,0x3941,0x3962,0x41A2,0x3121,0x28C0,0x28C0,0x28C1,0x30E1,0x3101,0x3101,0x3121,0x3101,0x30E1,
  0x28E1,0x28E1,0x28E1,0x20C1,0x1060,0x0820,0x0035,0x00B9,0x0029,0x1040,0x20C0,0x30E1,0x3101,0x30E1,0x28C0,0x28A0,
  0x28A0,0x28A0,0x28C0,0x28C0,0x41E3,0x5AE4,0x5B24,0x6BA6,0x6BE6,0x6BE6,0x7C47,0x8487,0x84C8,0x8D09,0x7427,0x5AE5,
  0x5AC4,0x4A23,0x3961,0x3101,0x28E1,0x28C0,0x28C1,0x28E1,0x28E1,0x28C1,0x28C1,0x28E1,0x28E1,0x3101,0x3101,0x28C1,
  0x1880,0x0840,0x0036,0x00A0,0x0004,0x0820,0x1020,0x1040,0x0820,0x0036,0x00B7,0x0031,0x0820,0x20C0,0x3901,0x3921,
  0x3901,0x3101,0x30C1,0x28A0,0x28C0,0x3962,0x52A4,0x6365,0x6BC6,0x8D09,0x9DAA,0x9DAA,0x9DAA,0x9DCA,0x9DCA,0x9DCA,
  0x9DCA,0x9DCA,0x9DAA,0x9DAA,0x9DAA,0x9DAA,0x9569,0x84C8,0x7427,0x6345,0x4A23,0x3141,0x20A0,0x2080,0x28C1,0x28E1,
  0x2901,0x3101,0x3921,0x4141,0x4141,0x4141,0x3941,0x28E1,0x1080,0x0840,0x0840,0x1060,0x1060,0x0037,0x009B,0x000B,
  0x0820,0x1020,0x1840,0x1840,0x2060,0x2060,0x38C0,0x40E0,0x38C0,0x28A0,0x1040,0x0037,0x00B6,0x0033,0x1060,0x3101,
  0x4141,0x3921,0x3921,0x3901,0x30E1,0x3941,0x5284,0x7427,0x8D08,0x9589,0x9DAA,0x9DAA,0x9589,0x9569,0x9569,0x9569,
  0x9569,0x9589,0x9589,0x9589,0x9589,0x9589,0x9589,0x9589,0x9589,0x9DA9,0x9DA9,0x9DCA,0x9DAA,0x8D49,0x84C8,0x6BE6,
  0x4A63,0x20C1,0x20A0,0x28E1,0x3101,0x3921,0x4142,0x4141,0x3941,0x3921,0x3121,0x28C0,0x28C1,0x3101,0x3901,0x3921,
  0x28C0,0x0038,0x009A,0x000D,0x1040,0x2080,0x2060,0x2060,0x2060,0x2060,0x30A0,0x38E0,0x38E0,0x40E0,0x40E0,0x38E0,
  0x2080,0x0038,0x00B4,0x0036,0x0820,0x28E1,0x4141,0x4141,0x3941,0x3941,0x3901,0x3961,0x6325,0x84E8,0x9DA9,0x9DEA,
  0x9DCA,0x9589,0x9589,0x9569,0x9569,0x9569,0x9569,0x9569,0x9589,0x9589,0x9589,0x9589,0x9589,0x9589,0x9589,0x9589,
  0x9589,0x9589,0x9589,0x9569,0x9569,0x9569,0x9589,0x95A9,0x9569,0x6BC6,0x6365,0x5AE5,0x41C2,0x3921,0x3921,0x3921,
  0x3921,0x3121,0x28E1,0x20A0,0x20C1,0x3101,0x3101,0x3901,0x3901,0x1040,0x0039,0x0099,0x000F,0x0020,0x2080,0x2080,
  0x2060,0x2060,0x2880,0x30A0,0x38E1,0x38C0,0x38C0,0x38E0,0x38E0,0x38C0,0x38C0,0x1020,0x0039,0x00B3,0x0037,0x0840,
  0x3101,0x4161,0x4141,0x4141,0x4141,0x3921,0x4A03,0x7C47,0x9DCA,0x9DEA,0x9DA9,0x9DA9,0x9DA9,0x9DA9,0x9DA9,0x9589,
  0x9589,0x9589,0x9589,0x9569,0x9569,0x9569,0x9589,0x9589,0x9589,0x9589,0x9589,0x9589,0x9589,0x9589,0x9589,0x9589,
  0x9589,0x9569,0x9569,0x9569,0x9589,0x9DC9,0x9DEA,0x9DCA,0x8D28,0x6BC6,0x4A63,0x41C2,0x3941,0x28E1,0x20A0,0x1860,
  0x20C1,0x3101,0x3901,0x3901,0x3901,0x0840,0x003A,0x0099,0x000F,0x0820,0x2060,0x1860,0x30C1,0x61C3,0x7224,0x8264,
  0x8264,0x7204,0x5982,0x40E0,0x38C0,0x38C0,0x30A0,0x2880,0x003A,0x00B2,0x0037,0x1060,0x3921,0x4141,0x4141,0x4162,
  0x4141,0x4182,0x62E4,0x8D09,0x9DEA,0x9DA9,0x9589,0x9DA9,0x9DA9,0x9DA9,0x9DA9,0x9DA9,0x9DA9,0x9589,0x9589,0x9589,
  0x9589,0x9589,0x9569,0x9589,0x9589,0x9589,0x9589,0x9589,0x9589,0x9589,0x9589,0x9589,0x9589,0x9569,0x9569,0x9569,
  0x9589,0x9589,0x9589,0x9589,0x9DA9,0x9DCA,0x9DCA,0x9569,0x8D08,0x7C87,0x6385,0x52E4,0x4A43,0x3101,0x3101,0x3901,
  0x3901,0x28C0,0x003B,0x0099,0x0010,0x0820,0x1840,0x2080,0x69E3,0x92C5,0x92E6,0x92E6,0x9B06,0x9B06,0x92E6,0x7A44,
  0x4921,0x38C0,0x30C0,0x30A0,0x1840,0x003B,0x00B1,0x0038,0x1060,0x3921,0x3941,0x4141,0x4141,0x3901,0x5A84,0x84A8,
  0x9DAA,0x9DAA,0x9589,0x9589,0x9589,0x9589,0x9589,0x9DA9,0x9DA9,0x9DA9,0x9DA9,0x9DA9,0x9589,0x9589,0x9589,0x958A,
  0x9589,0x9589,0x9589,0x9589,0x9D89,0x9D89,0x9589,0x9589,0x9589,0x9589,0x9589,0x9589,0x9589,0x9589,0x9589,0x9589,
  0x9589,0x9589,0x9589,0x9589,0x9569,0x9589,0x9589,0x9589,0x9DA9,0x9DC9,0x73C6,0x30E1,0x3901,0x3901,0x30E1,0x0820,
  0x003C,0x009B,0x000E,0x4962,0x8AC5,0x8285,0x8AA5,0x8AC5,0x92C6,0x92E6,0x92E6,0x9AE6,0x7A44,0x38E1,0x30A0,0x30A0,
  0x2880,0x003C,0x00B0,0x0038,0x1060,0x3921,0x3941,0x3941,0x3921,0x4162,0x5264,0x8CE9,0x9DEA,0x9589,0x9569,0x9569,
  0x9569,0x9569,0x9589,0x9589,0x9589,0x9589,0x9DA9,0x9DA9,0x9DA9,0x9D89,0x9D89,0x9589,0x958A,0x9589,0x9589,0x9589,
  0x9D89,0x9D89,0x9D89,0x9589,0x9589,0x9589,0x9589,0x9589,0x9D89,0x9D89,0x9D89,0x9D89,0x9589,0x9589,0x9569,0x9589,
  0x9569,0x9569,0x9569,0x9569,0x9569,0x9569,0x9569,0x4A43,0x30C1,0x3101,0x3901,0x2080,0x003D,0x009A,0x0010,0x1040,
  0x7224,0x8AA5,0x8AA5,0x8AA5,0x8AA5,0x92C6,0x92C6,0x8AA5,0x8AA5,0x8AA5,0x5162,0x2880,0x30A0,0x30A0,0x0820,0x003D,
  0x00AF,0x0039,0x0840,0x3121,0x3921,0x3921,0x3901,0x3982,0x73E7,0x956A,0x958A,0x9569,0x9569,0x9569,0x9569,0x9569,
  0x9569,0x9569,0x9589,0x9589,0x9589,0x9DA9,0x9DA9,0x9DA9,0x9DA9,0x9DA9,0x9D89,0x9589,0x9589,0x9589,0x9589,0x9D89,
  0x9589,0x9589,0x9589,0x9589,0x9589,0x9589,0x9D89,0x9D89,0x9D89,0x9D89,0x9D89,0x9D89,0x9589,0x9569,0x9569,0x9569,
  0x9569,0x9589,0x9D89,0x9D89,0x9DAA,0x84A8,0x3981,0x30E1,0x3101,0x3101,0x1040,0x003E,0x0096,0x0001,0x0820,0x003E,
  0x009A,0x000F,0x4122,0x8AC5,0x8AA5,0x8AC6,0x8AC5,0x8AC5,0x8AA5,0x8AA5,0x8AA5,0x8285,0x8285,0x4942,0x2880,0x30A0,
  0x28A0,0x003E,0x00AE,0x0039,0x0020,0x28E1,0x3921,0x3921,0x3901,0x3942,0x73C6,0x9589,0x9569,0x9549,0x9569,0x9569,
  0x9569,0x9569,0x9569,0x9569,0x9569,0x9569,0x9589,0x9589,0x9DA9,0x9DA9,0x9DA9,0x9DA9,0x9DAA,0x9DA9,0x9DA9,0x9DA9,
  0x9DA9,0x9D89,0x9589,0x9589,0x9589,0x9569,0x9589,0x9589,0x9589,0x9D89,0x9D89,0x9DA9,0x9DA9,0x9D89,0x9D89,0x9569,
  0x9569,0x9569,0x9569,0x9569,0x9D89,0x9D89,0x9DAA,0x9DAA,0x6325,0x30E1,0x3101,0x3101,0x28C1,0x003F,0x0096,0x0002,
  0x2080,0x0820,0x003F,0x0099,0x0010,0x1860,0x7A65,0x92C6,0x8AC6,0x92C6,0x92C6,0x92C6,0x92C5,0x8AA5,0x8AA5,0x8285,
  0x5983,0x2860,0x2880,0x28A0,0x2080,0x003F,0x00AE,0x0039,0x28C1,0x3921,0x3921,0x3921,0x3942,0x73A6,0x9589,0x9569,
  0x9549,0x9569,0x9569,0x9569,0x9569,0x9569,0x9569,0x9569,0x9569,0x9569,0x9589,0x9589,0x9589,0x9589,0x9D89,0x9DA9,
  0x9DAA,0x9DAA,0x9DA9,0x9DA9,0x9DA9,0x9D8A,0x9D89,0x9589,0x9589,0x9569,0x9589,0x9589,0x9589,0x9D89,0x9D89,0x9DA9,
  0x9DA9,0x9D89,0x9D89,0x9589,0x9569,0x9569,0x9589,0x9589,0x9589,0x9D89,0x9DCA,0x8CC8,0x41A2,0x3101,0x3101,0x3101,
  0x1060,0x0040,0x0095,0x0014,0x0820,0x2060,0x1860,0x1020,0x4962,0x92E6,0x8AC6,0x92C6,0x92E6,0x92C6,0x92C6,0x92C6,
  0x8AA6,0x8AC6,0x6A04,0x2880,0x2060,0x2080,0x2880,0x1840,0x0040,0x00AD,0x0039,0x20A0,0x4141,0x3921,0x3922,0x4162,
  0x73E6,0x9DAA,0x9589,0x9589,0x9569,0x9569,0x9569,0x9569,0x9569,0x9569,0x9569,0x9569,0x9549,0x9569,0x9569,0x9569,
  0x9D8A,0x9DAA,0xA5CA,0x9DCA,0x9DAA,0x9DAA,0x9DCA,0xA5CA,0xA5EA,0xA5CA,0x9D89,0x9589,0x9589,0x9589,0x9D89,0x9D89,
  0x9589,0x9D89,0x9D89,0x9D89,0x9D89,0x9D89,0x9D89,0x9589,0x9589,0x9589,0x9589,0x9569,0x9569,0x9569,0x9D8A,0x6305,
  0x3101,0x3921,0x3901,0x28C1,0x0041,0x0095,0x0013,0x0820,0x2060,0x2060,0x2080,0x7244,0x9B06,0x92E6,0x92E6,0x92C6,
  0x92C6,0x92C6,0x92C6,0x8AC6,0x82A6,0x30E1,0x1840,0x2080,0x2880,0x1860,0x0041,0x00AC,0x003A,0x0840,0x3921,0x3941,
  0x3921,0x4182,0x7407,0x9DCA,0x9589,0x9589,0x9589,0x9589,0x9589,0x9569,0x9569,0x9569,0x9549,0x9549,0x9549,0x9569,
  0x9D8A,0x9DAA,0x9D8A,0x8D09,0x84A8,0x7407,0x5B45,0x4AA4,0x4AC4,0x52E4,0x5305,0x5B25,0x7407,0x9589,0x9589,0x9589,
  0x9589,0x9589,0x9589,0x9589,0x9D89,0x9D89,0x9D89,0x9D89,0x9DA9,0x9D89,0x9D89,0x9589,0x9589,0x9589,0x9569,0x9549,
  0x9569,0x8D09,0x41A2,0x3901,0x3901,0x3901,0x1880,0x0042,0x0095,0x000E,0x2080,0x2080,0x1860,0x30E1,0x8AC5,0x9B06,
  0x92E6,0x92E6,0x92C6,0x92C6,0x8AC6,0x8AA6,0x92C6,0x6A04,0x0042,0x00A5,0x0002,0x0820,0x1040,0x0042,0x00AC,0x003A,
  0x1860,0x3101,0x3921,0x4162,0x73C6,0x95AA,0x9589,0x9589,0x95A9,0x95A9,0x9589,0x9589,0x9589,0x9569,0x9569,0x9569,
  0x9D8A,0x9DAA,0x9549,0x84A8,0x6BC6,0x4A84,0x31A2,0x2121,0x18C0,0x1080,0x0860,0x0860,0x0880,0x10C0,0x2121,0x5305,
  0x9569,0x9589,0x9589,0x9D89,0x9589,0x9589,0x9589,0x9D89,0x9D89,0x9D89,0x9DAA,0x9DA9,0x9DA9,0x9DA9,0x9D89,0x9D89,
  0x9D89,0x9569,0x9569,0x9569,0x6B45,0x3101,0x3101,0x3901,0x3101,0x0820,0x0043,0x0094,0x000F,0x1860,0x4101,0x30C1,
  0x2080,0x59A3,0x9B06,0x92E6,0x92E6,0x92E6,0x92C6,0x8AC6,0x8AA6,0x8AA6,0x82A6,0x28C1,0x0043,0x00AC,0x0039,0x1880,
  0x20A0,0x28C1,0x6345,0x9589,0x9569,0x9569,0x9589,0x9589,0x9589,0x9DA9,0x9DA9,0x9589,0x9DAA,0x9DCA,0x9549,0x84A8,
  0x5B65,0x31C2,0x2121,0x18E0,0x18C0,0x18C0,0x18A0,0x18A0,0x18E1,0x2961,0x3A23,0x5B45,0x7427,0x84C8,0x9569,0x9569,
  0x9569,0x9569,0x9569,0x9589,0x9D89,0x9589,0x9D89,0x9D89,0x9D89,0x9D89,0x9DA9,0x9DA9,0x9D89,0x9D89,0x9DA9,0x9D89,
  0x9589,0x9D89,0x6BA6,0x3101,0x30E1,0x30E1,0x3901,0x28C0,0x0044,0x0094,0x000E,0x30C1,0x5141,0x4121,0x4101,0x7A65,
  0x9B06,0x92E6,0x92C6,0x92C6,0x8AC6,0x8AC6,0x8AA6,0x8AC6,0x51A3,0x0044,0x00AB,0x003A,0x1040,0x20A0,0x2080,0x28E1,
  0x7C87,0x9569,0x9529,0x9569,0x9569,0x9589,0x9D89,0x9D89,0x9DCA,0x9DCA,0x9569,0x7407,0x3A03,0x2121,0x18C0,0x18C0,
  0x18C0,0x18C0,0x2101,0x2961,0x3A23,0x5B25,0x7C47,0x8CE8,0x9549,0x9D89,0x9DA9,0x9D89,0x9569,0x9569,0x9569,0x9569,
  0x9569,0x9589,0x9D89,0x9589,0x9D89,0x9D89,0x9D89,0x9D89,0x9D89,0x9DA9,0x9D89,0x9D89,0x9DA9,0x9DA9,0x9DCA,0x8D08,
  0x3982,0x30E1,0x3101,0x30E1,0x30E1,0x0840,0x0045,0x0093,0x000F,0x0020,0x4101,0x4941,0x4921,0x5982,0x92C6,0x92E6,
  0x92C6,0x8AC6,0x8AA5,0x8AC6,0x8AA6,0x8AA5,0x8AA6,0x28E1,0x0045,0x00AA,0x003A,0x0820,0x2080,0x20A0,0x1860,0x4A43,
  0x8D49,0x8D29,0x8D29,0x9549,0x9549,0x9569,0x9D8A,0xA5EA,0x9549,0x6385,0x39E2,0x20E0,0x18C0,0x20C0,0x18E0,0x2100,
  0x31A1,0x52C4,0x7426,0x8508,0x9569,0x9DCA,0x9DA9,0x9589,0x9569,0x9569,0x9569,0x9569,0x9569,0x9569,0x9569,0x9569,
  0x9569,0x9569,0x9589,0x9589,0x9589,0x9589,0x9589,0x9D89,0x9D89,0x9D89,0x9DA9,0x9D89,0x9DA9,0x9DA9,0x9DCA,0x6325,
  0x30E1,0x3901,0x3101,0x3101,0x20A0,0x0046,0x0093,0x000F,0x1040,0x4921,0x4921,0x4101,0x69E3,0x92C6,0x8AA6,0x8AA6,
  0x8AA6,0x8AA5,0x8AA6,0x8AA6,0x92C6,0x6A04,0x0820,0x0046,0x00AA,0x003A,0x1880,0x20C0,0x18A0,0x2961,0x7C87,0x9549,
  0x8D29,0x8D29,0x8D29,0x9549,0x9D8A,0x8D09,0x6BC6,0x39E2,0x18C0,0x18A0,0x20C0,0x18A0,0x20E0,0x4223,0x7407,0x8D08,
  0x9DCA,0xA5EA,0x9DCA,0x9DA9,0x9569,0x9569,0x9569,0x9589,0x9589,0x9589,0x9D89,0x9569,0x9569,0x9569,0x9569,0x9569,
  0x9569,0x9569,0x9569,0x9589,0x9589,0x9589,0x9589,0x9589,0x9D89,0x9589,0x9589,0x9589,0x9DAA,0x8CE9,0x3962,0x30E1,
  0x3101,0x3101,0x28C1,0x0820,0x0047,0x0093,0x000E,0x1040,0x4121,0x4921,0x4121,0x7224,0x8AC6,0x8AA5,0x8AA6,0x8AA6,
  0x8AA6,0x8AA6,0x8AA6,0x92C6,0x5183,0x0047,0x00A9,0x003A,0x1880,0x28E1,0x28C1,0x20E0,0x6BE6,0x9569,0x8D29,0x8D29,
  0x8D29,0x9549,0x8D09,0x6365,0x2982,0x1080,0x1080,0x1880,0x1080,0x2101,0x4243,0x6BE7,0x9569,0xA5EA,0x9DEA,0x9DAA,
  0x9589,0x9589,0x9589,0x9589,0x9589,0x9589,0x9589,0x9D89,0x9D89,0x9589,0x9D89,0x9D89,0x9589,0x9589,0x9589,0x9569,
  0x9569,0x9569,0x9569,0x9589,0x9589,0x9589,0x9589,0x9589,0x9589,0x9569,0x9589,0x9D8A,0x5AE5,0x28C1,0x30E1,0x30E1,
  0x30E1,0x1060,0x0048,0x0093,0x000E,0x1860,0x40E1,0x38E1,0x3901,0x6A04,0x8AA6,0x8AA5,0x8AA6,0x8AA6,0x8AA5,0x8AA6,
  0x8AA6,0x8AA6,0x3902,0x0048,0x00A8,0x003A,0x0840,0x28E0,0x28E1,0x20A0,0x4A63,0x9569,0x9549,0x8D29,0x9549,0x9529,
  0x6BE7,0x31C3,0x0860,0x0840,0x0840,0x0840,0x2121,0x52E4,0x7C67,0x9549,0x9DAA,0x9589,0x9589,0x9589,0x9DA9,0x95A9,
  0x9589,0x9589,0x9589,0x9569,0x9589,0x9589,0x9589,0x9D89,0x9D89,0x9D89,0x9D89,0x9D89,0x9589,0x9589,0x9589,0x9D89,
  0x9589,0x9589,0x9589,0x9569,0x9569,0x9589,0x9589,0x9569,0x9569,0x9549,0x52A4,0x20A0,0x28C1,0x28C0,0x28C0,0x2080,
  0x0049,0x0093,0x0010,0x2080,0x30A1,0x2080,0x20A0,0x6A24,0x8AA6,0x8AA5,0x8AA6,0x8AA6,0x8AA5,0x8AA5,0x8AC6,0x7A45,
  0x1040,0x0800,0x1840,0x0049,0x00A8,0x003A,0x1860,0x30E0,0x28C0,0x3181,0x7C87,0x9589,0x9549,0x9569,0x8D09,0x4AC4,
  0x10A0,0x0840,0x0860,0x0860,0x2121,0x4AA4,0x7C88,0x9569,0x9569,0x9549,0x9549,0x9569,0x9589,0x9589,0x9DA9,0x9589,
  0x9589,0x9589,0x9589,0x9569,0x9569,0x9589,0x9589,0x9589,0x9D89,0x9D89,0x9D89,0x9D89,0x9D89,0x9D89,0x9D89,0x9589,
  0x9589,0x9589,0x9589,0x9589,0x9569,0x9589,0x9569,0x956A,0x9569,0x52A4,0x1880,0x20A1,0x20A0,0x20A0,0x2080,0x0020,
  0x004A,0x0093,0x0010,0x1860,0x2080,0x1840,0x1860,0x6A24,0x8AA6,0x8AA5,0x8AA6,0x8AA6,0x8AA6,0x8AA6,0x92C6,0x61E4,
  0x1840,0x2080,0x2060,0x004A,0x00A8,0x0038,0x2080,0x28C0,0x20A0,0x5B45,0x9DAA,0x9549,0x9D8A,0x8CC9,0x3A03,0x0860,
  0x1080,0x1080,0x10C0,0x4AC4,0x84C8,0x9569,0x9569,0x8D29,0x8D29,0x9549,0x9569,0x9569,0x9589,0x9589,0x9D89,0x9589,
  0x9589,0x9589,0x9569,0x9569,0x9569,0x9569,0x9589,0x9589,0x9D89,0x9D89,0x9D89,0x9DA9,0x9DA9,0x9D89,0x9D89,0x9D89,
  0x9589,0x9589,0x9589,0x9D89,0x9589,0x9589,0x9D8A,0x956A,0x52C4,0x1880,0x20A1,0x20A0,0x20A0,0x1880,0x004B,0x0093,
  0x0010,0x1040,0x2080,0x1860,0x2080,0x7245,0x8AA6,0x8AA5,0x8AA6,0x8AA6,0x8AA6,0x8AA5,0x8AC6,0x5183,0x2060,0x28A0,
  0x1860,0x004B,0x00A7,0x0038,0x1020,0x28A0,0x28A0,0x2901,0x7C67,0x9589,0x9589,0x7C68,0x2962,0x0860,0x1080,0x1080,
  0x2982,0x7406,0x9DCA,0x9DA9,0x9569,0x9549,0x9549,0x9549,0x9569,0x9569,0x9569,0x9589,0x9D89,0x9589,0x9589,0x9589,
  0x9569,0x9569,0x9569,0x9569,0x9569,0x9569,0x9589,0x9589,0x9D89,0x9D89,0x9D89,0x9DA9,0x9DA9,0x9DA9,0x9DA9,0x9D89,
  0x9DA9,0x9DA9,0x9DA9,0x9589,0x9D89,0x9DAA,0x5305,0x1880,0x20A1,0x20A0,0x20A0,0x1860,0x004C,0x0093,0x0010,0x1040,
  0x2080,0x1840,0x30E1,0x8286,0x8AA5,0x8AA6,0x8AA6,0x8AA6,0x8AA6,0x8AA6,0x8AA6,0x4922,0x2060,0x2880,0x1040,0x004C,
  0x00A7,0x0037,0x1860,0x28A0,0x20A0,0x5304,0x9569,0x958A,0x7C67,0x2141,0x0840,0x0860,0x2101,0x5305,0x8D08,0x9DEA,
  0x9DA9,0x9D89,0x9589,0x9569,0x9569,0x9569,0x9569,0x9569,0x9569,0x9589,0x9D89,0x9D89,0x9D89,0x9589,0x9589,0x9569,
  0x9569,0x9569,0x9569,0x9569,0x9569,0x9589,0x9D89,0x9D89,0x9DA9,0x9DA9,0x9DA9,0x9DA9,0x9DA9,0x9DA9,0x9DA9,0x9DA9,
  0x9D89,0x9D8A,0x9DCA,0x7427,0x2901,0x20A1,0x20A1,0x20A0,0x2080,0x004D,0x0093,0x0010,0x1040,0x2080,0x1040,0x3902,
  0x8AA6,0x8AA6,0x8AA6,0x8AC6,0x8AC6,0x8AA6,0x8AA6,0x8285,0x38E1,0x2060,0x2880,0x0820,0x004D,0x00A6,0x0038,0x0820,
  0x20A0,0x1880,0x4283,0x8D49,0x958A,0x7427,0x2141,0x0860,0x1080,0x3A03,0x7C87,0x9DCA,0x9DCA,0x9DAA,0x9DAA,0x9DA9,
  0x9589,0x9589,0x9569,0x9569,0x9569,0x9569,0x9569,0x9589,0x9589,0x9D89,0x9D89,0x9589,0x9589,0x9589,0x9569,0x9569,
  0x9569,0x9569,0x9569,0x9589,0x9589,0x9589,0x9D89,0x9D89,0x9D89,0x9589,0x9589,0x95A9,0x9DA9,0x9589,0x9DAA,0x9DAA,
  0x73E6,0x3141,0x28C1,0x28C1,0x20A0,0x20A0,0x0840,0x004E,0x0093,0x000F,0x1020,0x2060,0x1040,0x3902,0x8AC6,0x8AC6,
  0x8AC6,0x92C6,0x8AC6,0x8AA6,0x92C6,0x7244,0x28A0,0x2080,0x2880,0x004E,0x00A6,0x0037,0x1040,0x1020,0x31C2,0x8D28,
  0x9DA9,0x8D08,0x2982,0x10A0,0x2961,0x5B25,0x9529,0x9DA9,0x9DA9,0x9DA9,0x9DA9,0x9DAA,0x9DA9,0x9589,0x9589,0x9569,
  0x9569,0x9569,0x9569,0x9569,0x9589,0x9589,0x9589,0x9D89,0x9589,0x9589,0x9569,0x9569,0x9569,0x9569,0x9569,0x9569,
  0x9589,0x9589,0x9589,0x9589,0x9D89,0x9D89,0x9589,0x9589,0x9589,0x9589,0x9DCA,0x9589,0x6B65,0x2901,0x28C1,0x28C1,
  0x20C1,0x20C1,0x1060,0x004F,0x0094,0x000E,0x1040,0x1020,0x3902,0x8AC6,0x92E6,0x92C6,0x92E6,0x92E6,0x8AC6,0x92E6,
  0x7244,0x2880,0x2080,0x1860,0x004F,0x00A7,0x0035,0x1901,0x7C87,0x9589,0x9DA9,0x8D49,0x6BC6,0x6BE6,0x84C7,0x9D69,
  0x9569,0x9569,0x9DA9,0x9DA9,0x9DAA,0x9DA9,0x9DAA,0x9D89,0x9589,0x9569,0x9569,0x9569,0x9569,0x9569,0x9589,0x9589,
  0x9589,0x9D89,0x9D89,0x9589,0x9589,0x9569,0x9569,0x9569,0x9569,0x9589,0x9589,0x9589,0x9589,0x9589,0x9589,0x9569,
  0x9569,0x9569,0x9569,0x9D8A,0x8488,0x4A63,0x28E1,0x28C1,0x28E1,0x28C1,0x28C0,0x1080,0x0050,0x0095,0x000D,0x1040,
  0x4122,0x92E6,0x92E6,0x92E6,0x92E6,0x92E6,0x92E6,0x92E6,0x7A45,0x2880,0x2060,0x1040,0x0050,0x00A6,0x0035,0x0840,
  0x6C06,0x9DCA,0x9589,0x9589,0x9589,0x9DA9,0x9DA9,0x9D89,0x9D89,0x9DAA,0x9DCA,0x9DA9,0x9DA9,0x9DA9,0x9DAA,0x9DAA,
  0x9D89,0x9589,0x9589,0x9569,0x9569,0x9569,0x9569,0x9589,0x9D89,0x9D89,0x9D89,0x9D89,0x9D89,0x9589,0x9589,0x9569,
  0x9569,0x9589,0x9589,0x9589,0x9589,0x9589,0x9589,0x9569,0x9569,0x9569,0x9569,0x9D89,0x6BA6,0x2901,0x20A0,0x28C1,
  0x28C1,0x28C0,0x20C0,0x1060,0x0051,0x0094,0x000E,0x0820,0x1040,0x4962,0x9B06,0x9306,0x92E6,0x92E6,0x92E6,0x92E6,
  0x9306,0x69E3,0x1860,0x1860,0x0820,0x0051,0x00A6,0x0034,0x52C4,0x8CC8,0x5B45,0x3A23,0x39E2,0x39C2,0x31A2,0x39C2,
  0x4223,0x5AE5,0x6BC6,0x8488,0x9DAA,0xA60A,0xA5EA,0x9DAA,0x9D8A,0x9589,0x958A,0x9569,0x9569,0x9569,0x9569,0x9569,
  0x9D89,0x9DAA,0x9DAA,0x9D89,0x9D89,0x9D89,0x9589,0x9569,0x9569,0x9569,0x9569,0x9589,0x9589,0x9589,0x9589,0x9589,
  0x9D89,0x9DAA,0x9569,0x8487,0x6345,0x3141,0x20A1,0x28C1,0x20A0,0x20A0,0x1860,0x0020,0x0052,0x008F,0x0004,0x0800,
  0x1020,0x0820,0x0820,0x0052,0x0094,0x000D,0x1040,0x1040,0x4942,0x9B06,0x92E6,0x92E6,0x92E6,0x92E6,0x92E6,0x9B06,
  0x61C3,0x0820,0x0820,0x0052,0x00A5,0x0003,0x0020,0x2982,0x18E1,0x0052,0x00A9,0x002F,0x0820,0x1860,0x1860,0x1860,
  0x1040,0x1860,0x1880,0x20C1,0x3141,0x5284,0x73E6,0x8D09,0xA5EA,0xA5CA,0x9DAA,0x956A,0x9569,0x9569,0x9569,0x9569,
  0x9569,0x9D89,0x9DAA,0x9DAA,0x9DA9,0x9D89,0x9D89,0x9569,0x9569,0x9549,0x9549,0x9569,0x9569,0x9569,0x9589,0x9DAA,
  0x9DCA,0x9589,0x7C47,0x5AC4,0x3982,0x30E1,0x3101,0x28E1,0x20A0,0x20A0,0x1060,0x0053,0x008A,0x0015,0x1040,0x2080,
  0x38E1,0x38E1,0x30C0,0x40E1,0x40E0,0x38C0,0x30A0,0x1020,0x1840,0x1840,0x30C1,0x8AC6,0x9B06,0x92E6,0x92E6,0x92E6,
  0x92C6,0x92E6,0x61C3,0x0053,0x00A8,0x002F,0x0820,0x1860,0x1860,0x1860,0x1840,0x1040,0x1060,0x20A0,0x20A1,0x20A0,
  0x20A0,0x28C0,0x3982,0x6305,0x7C07,0x8CC9,0x9D6A,0x9D8A,0x9D8A,0x9D8A,0x9DAA,0x9DAA,0x9DAA,0x9DAA,0x9DAA,0x9D8A,
  0x9D89,0x9569,0x9549,0x9549,0x9569,0x9D8A,0x9D8A,0x9DAA,0x9D8A,0x9DAA,0x9569,0x7C67,0x5AA4,0x4162,0x3921,0x3921,
  0x3942,0x3121,0x30E1,0x28C1,0x1880,0x0054,0x0088,0x0017,0x1840,0x38E0,0x5941,0x5961,0x5941,0x5941,0x5141,0x4921,
  0x40E0,0x38C0,0x30A0,0x1860,0x1840,0x1840,0x28A1,0x8AA5,0x9B06,0x92E6,0x92E6,0x92E6,0x8AC6,0x92E6,0x5183,0x0054,
  0x00A7,0x002F,0x0020,0x1860,0x28A0,0x38C0,0x38C0,0x30A0,0x2080,0x1840,0x1860,0x2080,0x20A0,0x28A0,0x28C0,0x20A0,
  0x20A0,0x20C1,0x2942,0x4244,0x6386,0x8CC9,0x8CE9,0x84E8,0x9549,0x9DAA,0xA5EA,0xA60A,0xA5EA,0x9DCA,0x9DAA,0x9D8A,
  0x9549,0x7C68,0x6BE7,0x7407,0x5B45,0x52E5,0x52E5,0x4A43,0x3962,0x3921,0x4141,0x4142,0x4141,0x3941,0x3942,0x30E1,
  0x1860,0x0055,0x0084,0x001B,0x1040,0x2060,0x2080,0x30A0,0x38C0,0x5101,0x6161,0x6141,0x5941,0x5941,0x5121,0x4921,
  0x40E0,0x40E0,0x38C0,0x1860,0x1860,0x1840,0x28A1,0x8AA5,0x9B06,0x92E6,0x92E6,0x92C6,0x8AC6,0x92E6,0x4142,0x0055,
  0x00A7,0x002E,0x1860,0x38E0,0x4901,0x5121,0x5121,0x5101,0x40E0,0x38C0,0x2880,0x2080,0x2080,0x28A0,0x28A0,0x28A0,
  0x28C0,0x20A0,0x1880,0x1040,0x1060,0x2101,0x2121,0x2101,0x2962,0x4223,0x5AE4,0x6325,0x6345,0x6386,0x6BA6,0x5B45,
  0x3A23,0x20E1,0x18A0,0x20A0,0x2080,0x2060,0x2080,0x28C1,0x3901,0x3921,0x3921,0x3941,0x4142,0x3921,0x28E1,0x0840,
  0x0056,0x0081,0x001F,0x1860,0x28A0,0x38E1,0x4901,0x40E0,0x38C0,0x38C0,0x38A0,0x40C0,0x5941,0x6182,0x6162,0x5941,
  0x5941,0x5121,0x4901,0x40E1,0x30C0,0x1860,0x1860,0x1840,0x2880,0x8285,0x9B06,0x92C6,0x92C6,0x92C6,0x8AC6,0x92E6,
  0x51A3,0x0820,0x0056,0x00A2,0x0031,0x1040,0x1840,0x0800,0x1840,0x4101,0x6181,0x6162,0x6161,0x6141,0x4901,0x40E0,
  0x40C0,0x38C0,0x38C0,0x30C0,0x30A0,0x28A0,0x28A0,0x28A0,0x28A0,0x20A0,0x2080,0x1880,0x1060,0x0820,0x1040,0x1040,
  0x1040,0x2080,0x2080,0x2080,0x2080,0x1880,0x1860,0x1860,0x1040,0x1860,0x1880,0x2080,0x20A0,0x20A0,0x20A1,0x28C1,
  0x3101,0x3921,0x3921,0x3901,0x28C1,0x0840,0x0057,0x007F,0x0052,0x1020,0x38E1,0x5121,0x5121,0x4901,0x40E0,0x38C0,
  0x30A0,0x30A0,0x38C0,0x40E1,0x5961,0x6141,0x6162,0x6982,0x6982,0x5941,0x5961,0x6982,0x8A03,0x5962,0x2060,0x2880,
  0x30C1,0x8285,0x92E6,0x8AC6,0x92C6,0x92C6,0x8AC6,0x92C6,0x61C3,0x2880,0x2060,0x1840,0x9284,0xBB65,0xA2E4,0xB325,
  0xD386,0xDBC6,0xDBC6,0xD3C6,0xCB65,0x9A63,0x79C2,0x71A2,0x5121,0x38C0,0x30A0,0x2880,0x30C0,0x3901,0x4101,0x38E0,
  0x30A0,0x2060,0x1040,0x1040,0x1040,0x1040,0x1040,0x1860,0x20A0,0x20A0,0x20A0,0x20A0,0x2080,0x2080,0x2080,0x20A0,
  0x20A0,0x20A0,0x20A0,0x20A0,0x20A0,0x2080,0x20A0,0x28E1,0x20A0,0x1060,0x0820,0x0058,0x007D,0x004E,0x1860,0x38C0,
  0x4901,0x5121,0x4901,0x4101,0x40E1,0x40E0,0x38C0,0x30A0,0x30A0,0x30A0,0x30A0,0x5941,0xA284,0xBB25,0xD386,0xCB86,
  0xC365,0xCB86,0xDBA6,0xF427,0x9A84,0x2060,0x28A0,0x30A0,0x7244,0x92C6,0x8AA6,0x92C6,0x92C6,0x8AC6,0x92E6,0x69E4,
  0x28A0,0x30A0,0x2880,0xAAE4,0xF467,0xEC47,0xEC27,0xEC27,0xEC27,0xEC47,0xEC47,0xF467,0xEC47,0xEC27,0xE407,0xCB86,
  0xA2C4,0x9263,0x8A23,0x69A2,0x4901,0x4901,0x4921,0x4901,0x38C0,0x2860,0x1840,0x1840,0x1040,0x1040,0x1040,0x1860,
  0x2080,0x2080,0x2080,0x2080,0x2080,0x20A0,0x20A0,0x20A0,0x20A0,0x2080,0x1060,0x0820,0x0059,0x007B,0x004D,0x1020,
  0x2880,0x4901,0x5121,0x5121,0x4901,0x4901,0x4101,0x4100,0x38C0,0x38C0,0x40E1,0x30A0,0x4101,0x71A2,0xBB25,0xF467,
  0xF467,0xF467,0xF467,0xF467,0xF447,0xEC27,0xF447,0xBB45,0x30C0,0x2880,0x2060,0x61A3,0x92C6,0x8AA5,0x8AC5,0x92C6,
  0x92C6,0x9AE6,0x8265,0x38C0,0x38C0,0x30A0,0x9AA4,0xF467,0xE427,0xEC27,0xEC06,0xEC07,0xEC27,0xEC27,0xEC47,0xEC47,
  0xEC47,0xEC47,0xF447,0xF447,0xEC47,0xEC27,0xDBC6,0xBB05,0x9243,0x69A2,0x5121,0x40E0,0x40E0,0x38C0,0x30A0,0x2880,
  0x2080,0x2060,0x2060,0x2060,0x2080,0x1860,0x0820,0x1040,0x1040,0x0840,0x0820,0x0820,0x005A,0x0079,0x004A,0x1840,
  0x30A0,0x38C0,0x40E0,0x4901,0x4921,0x5121,0x4901,0x4901,0x40E1,0x38C0,0x5141,0x9A84,0xC365,0xAAE4,0xC365,0xEC47,
  0xF467,0xEC47,0xEC27,0xEC27,0xEC27,0xEC27,0xEC27,0xEC07,0xF427,0xC345,0x30C1,0x28A0,0x2060,0x4962,0x8AC6,0x8AC6,
  0x92C6,0x92E6,0x92E6,0x92E6,0x7A44,0x4101,0x40E1,0x30A0,0x8203,0xEC67,0xEC47,0xEC27,0xEC27,0xEC27,0xEC27,0xEC27,
  0xEC27,0xEC27,0xEC27,0xEC27,0xEC27,0xEC27,0xEC26,0xEC06,0xEC27,0xF447,0xEC47,0xE407,0xBB45,0x71E2,0x38C0,0x30A0,
  0x30A0,0x30A0,0x30A0,0x30A0,0x2880,0x2880,0x28A0,0x28A0,0x0820,0x005B,0x0077,0x004D,0x1040,0x30A0,0x40E0,0x38C0,
  0x38C0,0x40E0,0x4901,0x4921,0x4901,0x40E0,0x40E0,0x5121,0x8A43,0xCBA6,0xEC27,0xF427,0xF447,0xF447,0xEC27,0xEC27,
  0xEC27,0xEC27,0xEC27,0xEC27,0xEC27,0xEC27,0xEC06,0xF447,0xAAE4,0x2080,0x28A0,0x30A0,0x4101,0x5982,0x61A3,0x7203,
  0x7A44,0x7203,0x6182,0x5141,0x5121,0x4921,0x30A0,0x8A43,0xF467,0xEC47,0xEC27,0xEC27,0xEC27,0xEC27,0xEC27,0xEC27,
  0xEC27,0xEC27,0xEC27,0xEC27,0xEC27,0xEC27,0xEC27,0xEC27,0xEC27,0xEC47,0xEC67,0xF488,0xE427,0xAAC4,0x69A2,0x4901,
  0x40E0,0x30A0,0x30A0,0x38C0,0x38C0,0x38C0,0x4901,0x4901,0x2880,0x005C,0x0075,0x0051,0x1860,0x30A0,0x4101,0x4100,
  0x38E0,0x38C0,0x38C0,0x40E1,0x40E0,0x40E0,0x79E2,0x9AA4,0xA2C4,0xCBA6,0xEC47,0xEC47,0xEC07,0xEC07,0xEC07,0xEC27,
  0xEC27,0xEC27,0xEC27,0xEC27,0xEC27,0xEC27,0xEC27,0xEC27,0xEC27,0xEC47,0xD3A6,0x4101,0x2080,0x38E0,0x40E0,0x40E0,
  0x40E0,0x40E0,0x4901,0x4901,0x4921,0x5121,0x5121,0x4101,0x5962,0xD3E6,0xF467,0xEC27,0xEC27,0xEC27,0xEC06,0xEC06,
  0xEC06,0xEC27,0xEC27,0xEC27,0xEC27,0xEC27,0xEC27,0xEC27,0xEC27,0xEC27,0xEC27,0xEC47,0xEC27,0xEC27,0xEC47,0xF467,
  0xE427,0xCB86,0xC385,0x9AC4,0x5962,0x40E0,0x4901,0x5121,0x5121,0x5921,0x5941,0x40E1,0x1840,0x005D,0x0073,0x0055,
  0x1860,0x4101,0x5961,0x5941,0x4901,0x40E1,0x40E0,0x38C0,0x38C0,0x30A0,0x38C0,0x8223,0xDC27,0xF488,0xEC88,0xF467,
  0xEC47,0xEC27,0xEC27,0xEC27,0xEC27,0xEC27,0xEC27,0xEC27,0xEC47,0xEC47,0xEC47,0xEC27,0xEC27,0xEC27,0xEC27,0xEC47,
  0xF467,0xBB25,0x5141,0x40E1,0x40E0,0x40E1,0x40E0,0x38E0,0x38E0,0x40E0,0x40E1,0x4901,0x6182,0x9AA4,0xCBA6,0xEC67,
  0xEC47,0xEC27,0xEC27,0xEC27,0xEC06,0xEC06,0xEC06,0xEC27,0xEC27,0xEC27,0xEC27,0xEC27,0xEC27,0xEC27,0xEC27,0xEC27,
  0xEC27,0xEC27,0xEC27,0xEC27,0xEC47,0xEC47,0xEC47,0xF467,0xEC67,0xEC67,0xD3C6,0x8A23,0x5121,0x5101,0x5941,0x5921,
  0x5921,0x5921,0x5101,0x30A0,0x0820,0x005E,0x0072,0x0057,0x28A0,0x5141,0x5962,0x5962,0x5941,0x5121,0x40E1,0x40E0,
  0x30A0,0x3080,0x69A2,0xBB45,0xE447,0xEC67,0xEC47,0xEC47,0xEC47,0xEC47,0xEC47,0xEC27,0xEC27,0xEC27,0xEC27,0xEC27,
  0xEC27,0xEC47,0xEC47,0xEC47,0xEC27,0xEC27,0xEC27,0xEC47,0xEC47,0xEC47,0xF467,0xD3C6,0xBB25,0x9284,0x6182,0x5941,
  0x5962,0x5941,0x69A2,0x8A23,0xA2A4,0xD3A6,0xF467,0xF467,0xEC47,0xEC47,0xEC27,0xEC27,0xEC27,0xEC27,0xEC27,0xEC06,
  0xEC06,0xEC06,0xEC26,0xEC27,0xEC27,0xEC27,0xEC27,0xEC27,0xEC27,0xEC47,0xEC27,0xEC27,0xEC47,0xEC47,0xEC47,0xEC47,
  0xEC47,0xEC47,0xEC27,0xEC47,0xE407,0xC345,0x9A63,0x5941,0x5101,0x5121,0x5101,0x4901,0x5121,0x40E1,0x1040,0x005F,
  0x0070,0x005A,0x0820,0x30C0,0x5941,0x5941,0x5941,0x5961,0x5961,0x5141,0x40E1,0x40E1,0x5962,0x9244,0xDBE6,0xF487,
  0xEC47,0xEC47,0xEC47,0xEC47,0xEC47,0xEC47,0xEC47,0xEC27,0xEC27,0xEC27,0xEC27,0xEC27,0xEC27,0xEC27,0xEC47,0xEC27,
  0xEC27,0xEC47,0xEC47,0xEC47,0xEC47,0xEC47,0xEC47,0xEC67,0xF467,0xEC47,0xDBE6,0xD3A6,0xDBC6,0xD3A6,0xE3E6,0xEC47,
  0xF447,0xEC47,0xEC27,0xEC27,0xEC27,0xEC27,0xEC27,0xEC27,0xEC27,0xEC27,0xEC27,0xEC06,0xEC06,0xEC06,0xEC27,0xEC27,
  0xEC27,0xEC27,0xEC27,0xEC27,0xEC27,0xEC47,0xEC47,0xEC27,0xEC47,0xEC47,0xEC47,0xEC47,0xEC47,0xEC47,0xEC47,0xEC27,
  0xEC27,0xF447,0xEC47,0x9AA4,0x4901,0x48E0,0x4901,0x4901,0x4921,0x5121,0x5121,0x2880,0x0060,0x006F,0x005C,0x1860,
  0x4921,0x5941,0x5141,0x5141,0x5941,0x5941,0x5941,0x5121,0x6162,0x9A84,0xDBE6,0xEC67,0xEC47,0xEC27,0xEC47,0xEC47,
  0xEC47,0xEC47,0xEC47,0xEC47,0xEC47,0xEC27,0xEC27,0xEC27,0xEC27,0xEC27,0xEC27,0xEC27,0xEC47,0xEC27,0xEC27,0xEC27,
  0xEC47,0xEC47,0xEC47,0xEC47,0xEC47,0xEC27,0xEC27,0xEC27,0xEC27,0xEC27,0xEC27,0xEC27,0xEC27,0xEC27,0xEC27,0xEC27,
  0xEC27,0xEC27,0xEC27,0xEC27,0xEC27,0xEC47,0xEC27,0xEC27,0xEC27,0xEC27,0xEC27,0xEC27,0xEC27,0xEC27,0xEC27,0xEC27,
  0xEC27,0xEC47,0xEC47,0xEC47,0xEC47,0xEC47,0xEC47,0xEC47,0xEC47,0xEC47,0xEC47,0xEC47,0xEC47,0xEC47,0xEC47,0xEC47,
  0xEC47,0xEC47,0xBB25,0x71A2,0x4901,0x4901,0x5941,0x5941,0x5941,0x6161,0x30A0,0x0061,0x006E,0x005F,0x1840,0x4901,
  0x5941,0x5141,0x5121,0x5121,0x5141,0x5941,0x6982,0x9263,0xD3A6,0xEC67,0xEC47,0xEC47,0xEC27,0xEC47,0xEC47,0xEC47,
  0xEC47,0xEC47,0xEC47,0xEC47,0xEC47,0xEC27,0xEC27,0xEC27,0xEC27,0xEC27,0xEC27,0xEC27,0xEC27,0xEC27,0xEC27,0xEC27,
  0xEC27,0xEC47,0xEC47,0xEC47,0xEC47,0xEC47,0xEC47,0xEC27,0xEC27,0xEC27,0xEC27,0xEC27,0xEC27,0xEC27,0xEC27,0xEC27,
  0xEC27,0xEC27,0xEC47,0xEC47,0xEC47,0xEC47,0xEC47,0xEC27,0xEC27,0xEC27,0xEC27,0xEC27,0xEC27,0xEC27,0xEC47,0xEC47,
  0xEC47,0xEC47,0xEC47,0xEC47,0xEC47,0xEC47,0xEC47,0xEC47,0xEC47,0xEC47,0xEC47,0xEC47,0xEC47,0xEC47,0xEC47,0xEC47,
  0xEC47,0xEC47,0xF447,0xDBE6,0xB305,0x9264,0x71A2,0x5941,0x6161,0x6161,0x6161,0x4921,0x1860,0x0062,0x006D,0x0061,
  0x30A0,0x5121,0x5941,0x5941,0x5141,0x5121,0x5121,0x5101,0x9244,0xD3C6,0xEC47,0xF467,0xEC47,0xEC47,0xEC47,0xEC47,
  0xEC47,0xEC47,0xEC47,0xEC47,0xEC47,0xEC47,0xEC47,0xEC27,0xEC27,0xEC27,0xEC27,0xEC27,0xEC27,0xEC27,0xEC27,0xEC27,
  0xEC27,0xEC27,0xEC27,0xEC27,0xEC47,0xEC47,0xEC47,0xEC47,0xEC47,0xEC47,0xEC47,0xEC27,0xEC27,0xEC27,0xEC27,0xEC27,
  0xEC27,0xEC27,0xEC27,0xEC47,0xEC47,0xEC47,0xEC47,0xEC47,0xEC47,0xEC47,0xEC27,0xEC27,0xEC47,0xEC27,0xEC27,0xEC27,
  0xEC27,0xEC47,0xEC47,0xEC47,0xEC47,0xEC47,0xEC47,0xEC47,0xEC47,0xEC47,0xEC47,0xEC47,0xEC47,0xEC47,0xEC47,0xEC47,
  0xEC47,0xEC47,0xEC47,0xEC47,0xEC47,0xEC27,0xEC47,0xEC47,0xEC47,0xBB45,0x69A2,0x6161,0x6982,0x6182,0x6982,0x5961,
  0x2080,0x0063,0x006C,0x0063,0x38C0,0x6161,0x5941,0x5941,0x5941,0x5941,0x5941,0x4901,0x71C2,0xDC07,0xF467,0xEC47,
  0xEC47,0xEC47,0xEC47,0xEC47,0xEC47,0xEC47,0xEC47,0xEC47,0xEC47,0xEC47,0xEC47,0xEC47,0xEC27,0xEC27,0xEC27,0xEC27,
  0xEC27,0xEC27,0xEC27,0xEC27,0xEC27,0xEC27,0xEC27,0xEC27,0xEC27,0xEC47,0xEC47,0xEC47,0xEC47,0xEC47,0xEC47,0xEC47,
  0xEC47,0xEC47,0xEC27,0xEC27,0xEC27,0xEC27,0xEC27,0xEC27,0xEC27,0xEC47,0xEC47,0xEC47,0xEC47,0xEC47,0xEC47,0xEC47,
  0xEC47,0xEC47,0xEC47,0xEC27,0xEC27,0xEC27,0xEC47,0xEC47,0xEC47,0xEC47,0xEC47,0xEC47,0xEC47,0xEC47,0xEC47,0xEC47,
  0xEC47,0xEC47,0xEC47,0xEC47,0xEC47,0xEC47,0xEC47,0xEC47,0xEC47,0xEC47,0xEC47,0xEC47,0xEC27,0xEC47,0xEC67,0xC366,
  0x79E2,0x6162,0x6982,0x6182,0x6182,0x5961,0x2080,0x0064,0x006B,0x0065,0x30C0,0x5961,0x5941,0x6161,0x6161,0x6161,
  0x5941,0x5121,0x8203,0xD3E6,0xEC67,0xEC27,0xEC47,0xEC47,0xEC47,0xEC47,0xEC47,0xEC47,0xEC47,0xEC47,0xEC47,0xEC47,
  0xEC47,0xEC47,0xEC47,0xEC47,0xEC47,0xEC27,0xEC27,0xEC27,0xEC47,0xEC47,0xEC47,0xEC47,0xEC27,0xEC27,0xEC27,0xEC27,
  0xEC47,0xEC47,0xEC47,0xEC47,0xEC47,0xEC47,0xEC47,0xEC47,0xEC47,0xEC47,0xEC47,0xEC27,0xEC27,0xEC27,0xEC27,0xEC47,
  0xEC47,0xEC47,0xEC47,0xEC47,0xEC67,0xEC67,0xEC67,0xEC47,0xEC47,0xEC47,0xEC47,0xEC47,0xEC27,0xEC27,0xEC47,0xEC47,
  0xEC47,0xEC47,0xEC47,0xEC47,0xEC47,0xEC47,0xEC47,0xEC47,0xEC47,0xEC47,0xEC47,0xEC47,0xEC47,0xEC47,0xEC47,0xEC47,
  0xEC47,0xEC47,0xEC47,0xEC47,0xEC47,0xEC47,0xF488,0xDBE7,0x8A43,0x6162,0x6982,0x6181,0x6161,0x5941,0x1860,0x0065,
  0x006A,0x0067,0x38C0,0x5961,0x5941,0x5941,0x5941,0x5961,0x5921,0x5941,0x9A64,0xE427,0xEC67,0xEC47,0xEC47,0xEC47,
  0xEC47,0xEC47,0xEC47,0xEC47,0xEC47,0xEC47,0xEC47,0xEC47,0xEC47,0xEC47,0xEC47,0xEC47,0xEC47,0xEC47,0xEC47,0xEC27,
  0xEC27,0xEC47,0xEC47,0xEC47,0xEC27,0xEC27,0xEC07,0xEBE6,0xEC27,0xEC47,0xEC47,0xEC47,0xEC47,0xEC47,0xEC47,0xEC67,
  0xEC47,0xEC47,0xEC47,0xEC47,0xEC47,0xEC47,0xEC27,0xEC27,0xEC47,0xEC47,0xEC47,0xEC47,0xEC47,0xEC67,0xEC67,0xEC67,
  0xEC67,0xEC67,0xEC67,0xEC47,0xEC47,0xEC27,0xEC07,0xEC27,0xEC47,0xEC47,0xEC47,0xEC47,0xEC47,0xEC47,0xEC47,0xEC47,
  0xEC47,0xEC47,0xEC47,0xEC27,0xEC47,0xEC47,0xEC47,0xEC47,0xEC47,0xEC47,0xEC47,0xEC47,0xEC47,0xEC47,0xEC47,0xEC67,
  0xF488,0xE407,0x8223,0x6161,0x6161,0x5941,0x5941,0x5141,0x1860,0x0066,0x0068,0x006A,0x0820,0x40E1,0x5941,0x5141,
  0x5141,0x5941,0x5941,0x6162,0x9264,0xC366,0xEC67,0xEC67,0xEC47,0xEC47,0xEC47,0xEC47,0xEC47,0xEC47,0xEC47,0xEC47,
  0xEC47,0xEC47,0xEC47,0xEC47,0xEC47,0xEC47,0xEC67,0xEC67,0xEC67,0xEC47,0xEC27,0xEC07,0xEC07,0xEC27,0xEC47,0xEC47,
  0xEC27,0xEC07,0xEBE6,0xEC27,0xEC47,0xEC47,0xEC47,0xEC47,0xEC47,0xEC67,0xEC67,0xEC67,0xEC47,0xEC47,0xEC47,0xEC47,
  0xEC47,0xEC47,0xEC47,0xEC47,0xEC47,0xEC47,0xEC67,0xEC67,0xEC47,0xEC47,0xEC67,0xEC67,0xEC67,0xEC67,0xEC67,0xEC47,
  0xEC47,0xEC47,0xEC07,0xEC27,0xEC27,0xEC27,0xEC47,0xEC47,0xEC47,0xEC47,0xEC47,0xEC47,0xEC67,0xEC47,0xEC27,0xEC07,
  0xEC27,0xEC27,0xEC47,0xEC47,0xEC47,0xEC47,0xEC47,0xEC47,0xEC47,0xEC47,0xEC47,0xEC47,0xEC47,0xF467,0xCB86,0x6982,
  0x5941,0x5941,0x5141,0x5941,0x4901,0x0820,0x0067,0x0067,0x006C,0x0820,0x4101,0x5961,0x5141,0x5121,0x5941,0x5141,
  0x69A2,0xBB45,0xF488,0xF4A8,0xEC67,0xEC47,0xEC67,0xEC47,0xEC47,0xEC47,0xEC47,0xEC47,0xEC47,0xEC47,0xEC47,0xEC47,
  0xEC47,0xEC47,0xEC67,0xEC67,0xEC67,0xEC67,0xEC67,0xEC27,0xEC07,0xEC07,0xEC07,0xEC27,0xEC47,0xEC47,0xEC47,0xEC27,
  0xEC47,0xEC47,0xEC47,0xEC47,0xEC47,0xEC47,0xEC47,0xEC67,0xEC67,0xEC67,0xEC47,0xEC47,0xEC47,0xEC47,0xEC47,0xEC47,
  0xEC47,0xEC47,0xEC47,0xEC47,0xEC67,0xEC47,0xEC47,0xEC67,0xEC67,0xEC67,0xEC67,0xEC67,0xEC67,0xEC67,0xEC67,0xEC47,
  0xEC47,0xEC27,0xEC27,0xEC47,0xEC47,0xEC47,0xEC47,0xEC67,0xEC67,0xEC67,0xEC67,0xEC47,0xEC27,0xEC07,0xEC07,0xEC27,
  0xEC27,0xEC27,0xEC47,0xEC47,0xEC47,0xEC47,0xEC47,0xEC47,0xEC47,0xEC47,0xEC47,0xEC47,0xEC47,0xBB45,0x79E2,0x5141,
  0x5141,0x4921,0x4921,0x40E1,0x0820,0x0068,0x0066,0x006D,0x1040,0x4921,0x5961,0x5141,0x5141,0x5141,0x5141,0x69C2,
  0xCBA6,0xF4A8,0xEC67,0xEC47,0xEC67,0xEC67,0xEC67,0xEC47,0xEC47,0xEC47,0xEC47,0xEC47,0xEC47,0xEC47,0xEC47,0xEC47,
  0xEC47,0xEC67,0xEC67,0xEC67,0xEC67,0xEC67,0xEC47,0xEC27,0xEC27,0xEC07,0xEC27,0xEC47,0xEC67,0xEC47,0xEC47,0xEC47,
  0xEC67,0xEC47,0xEC47,0xEC47,0xEC47,0xEC47,0xEC47,0xEC47,0xEC47,0xEC47,0xEC47,0xEC47,0xEC47,0xEC47,0xEC47,0xEC47,
  0xEC47,0xEC47,0xEC47,0xEC67,0xEC47,0xEC47,0xEC67,0xEC67,0xEC67,0xEC67,0xEC67,0xEC67,0xEC67,0xEC67,0xEC67,0xEC67,
  0xEC47,0xEC47,0xEC47,0xEC47,0xEC47,0xEC47,0xEC67,0xEC67,0xEC67,0xEC67,0xEC47,0xEC47,0xEC47,0xEC27,0xEC07,0xEC07,
  0xEC27,0xEC27,0xEC47,0xEC27,0xEC47,0xEC27,0xEC47,0xEC47,0xEC47,0xEC47,0xEC47,0xEC47,0xEC27,0xEC47,0xDC07,0x8A63,
  0x4901,0x4101,0x40E0,0x40E0,0x2060,0x0069,0x0065,0x006F,0x0820,0x4921,0x5961,0x5141,0x5141,0x5141,0x5141,0x79E3,
  0xCBC6,0xF488,0xEC67,0xEC67,0xEC47,0xEC67,0xEC67,0xEC67,0xEC47,0xEC67,0xEC47,0xEC47,0xEC47,0xEC47,0xEC47,0xEC47,
  0xEC47,0xEC47,0xEC67,0xEC67,0xEC67,0xEC67,0xEC67,0xEC47,0xEC47,0xEC27,0xEC47,0xEC47,0xEC67,0xEC67,0xEC67,0xEC67,
  0xEC47,0xEC47,0xEC47,0xEC47,0xEC47,0xEC47,0xEC47,0xEC47,0xEC47,0xEC47,0xEC47,0xEC47,0xEC47,0xEC47,0xEC47,0xEC47,
  0xEC47,0xEC47,0xEC67,0xEC67,0xEC47,0xEC67,0xEC67,0xEC67,0xEC67,0xEC67,0xEC67,0xEC67,0xEC67,0xEC67,0xEC67,0xEC67,
  0xEC47,0xEC47,0xEC47,0xEC67,0xEC47,0xEC47,0xEC67,0xEC67,0xEC67,0xEC67,0xEC67,0xEC47,0xEC47,0xEC47,0xEC47,0xEC27,
  0xEC07,0xEC27,0xEC27,0xEC47,0xEC47,0xEC27,0xEC27,0xEC27,0xEC27,0xEC27,0xEC47,0xEC47,0xEC47,0xEC27,0xEC07,0xEC27,
  0xDBC6,0x6162,0x38E0,0x40C0,0x38C0,0x38C0,0x1840,0x006A,0x0065,0x0070,0x38C0,0x6181,0x5961,0x5941,0x5141,0x5962,
  0x9AA4,0xDC06,0xEC67,0xEC47,0xEC67,0xEC67,0xEC67,0xEC67,0xEC47,0xEC47,0xEC47,0xEC47,0xEC47,0xEC47,0xEC47,0xEC47,
  0xEC47,0xEC47,0xEC67,0xEC67,0xEC67,0xEC67,0xEC67,0xEC67,0xEC67,0xEC67,0xEC67,0xEC67,0xEC67,0xEC67,0xEC67,0xEC67,
  0xEC67,0xEC47,0xEC67,0xEC47,0xEC67,0xEC47,0xEC47,0xEC47,0xEC47,0xEC47,0xEC47,0xEC47,0xEC47,0xEC47,0xEC47,0xEC47,
  0xEC47,0xEC47,0xEC47,0xEC47,0xEC67,0xEC67,0xEC67,0xEC67,0xEC67,0xEC67,0xEC67,0xEC67,0xEC67,0xEC67,0xEC67,0xEC67,
  0xEC47,0xEC47,0xEC47,0xEC47,0xEC67,0xEC67,0xEC47,0xEC47,0xEC47,0xEC67,0xEC67,0xEC67,0xEC47,0xEC47,0xEC47,0xEC47,
  0xEC47,0xEC47,0xEC47,0xEC27,0xEC47,0xEC47,0xEC47,0xEC27,0xEC27,0xEC27,0xEC27,0xEC47,0xEC47,0xEC47,0xEC27,0xEC27,
  0xEC27,0xEC06,0xEC47,0xAAC4,0x40C0,0x40E1,0x48E0,0x4900,0x40E0,0x1020,0x006B,0x0064,0x0072,0x2880,0x6161,0x6162,
  0x6161,0x6161,0x5941,0x9A84,0xEC47,0xEC47,0xEC27,0xEC47,0xEC47,0xEC47,0xEC47,0xEC47,0xEC47,0xEC47,0xEC47,0xEC47,
  0xEC47,0xEC47,0xEC47,0xEC47,0xEC47,0xEC47,0xEC67,0xEC67,0xEC47,0xEC47,0xEC47,0xEC47,0xEC67,0xEC67,0xEC67,0xEC67,
  0xEC67,0xEC67,0xEC67,0xEC67,0xEC67,0xEC67,0xEC67,0xEC47,0xEC67,0xEC67,0xEC47,0xEC47,0xEC47,0xEC47,0xEC47,0xEC67,
  0xEC67,0xEC67,0xEC47,0xEC47,0xEC47,0xEC47,0xEC47,0xEC47,0xEC67,0xEC67,0xEC47,0xEC47,0xEC67,0xEC67,0xEC67,0xEC67,
  0xEC67,0xEC67,0xEC47,0xEC47,0xEC47,0xEC47,0xEC47,0xEC47,0xEC47,0xEC47,0xEC47,0xEC47,0xEC47,0xEC47,0xEC47,0xEC67,
  0xEC47,0xEC47,0xEC47,0xEC47,0xEC47,0xEC47,0xEC47,0xEC47,0xEC47,0xEC47,0xEC47,0xEC27,0xEC27,0xEC27,0xEC27,0xEC47,
  0xEC47,0xEC47,0xEC27,0xEC27,0xEC27,0xEC27,0xEC27,0xEC27,0x8203,0x40C0,0x4901,0x5101,0x5101,0x40C0,0x0820,0x006C,
  0x0063,0x0073,0x1040,0x5141,0x6161,0x6161,0x6161,0x5941,0x5121,0xB305,0xEC47,0xEC27,0xEC27,0xEC47,0xEC47,0xEC47,
  0xEC47,0xEC47,0xEC47,0xEC47,0xEC47,0xEC47,0xEC47,0xEC47,0xEC67,0xEC67,0xEC47,0xEC67,0xEC67,0xEC47,0xEC47,0xEC47,
  0xEC47,0xEC47,0xEC47,0xEC47,0xEC67,0xEC67,0xEC67,0xEC67,0xEC67,0xEC67,0xEC67,0xEC67,0xEC67,0xEC47,0xEC67,0xEC67,
  0xEC47,0xEC47,0xEC47,0xEC67,0xEC67,0xEC67,0xEC67,0xEC67,0xEC67,0xEC67,0xEC47,0xEC47,0xEC47,0xEC67,0xEC47,0xEC47,
  0xEC67,0xEC67,0xEC67,0xEC67,0xEC67,0xEC67,0xEC67,0xEC67,0xEC47,0xEC47,0xEC47,0xEC47,0xEC67,0xEC67,0xEC67,0xEC47,
  0xEC47,0xEC47,0xEC27,0xEC27,0xEC47,0xEC47,0xEC47,0xEC47,0xEC47,0xEC47,0xEC47,0xEC47,0xEC47,0xEC47,0xEC47,0xEC47,
  0xEC47,0xEC47,0xEC47,0xEC27,0xEC47,0xEC47,0xEC47,0xEC27,0xEC27,0xEC27,0xEC27,0xEC27,0xEC27,0xEC47,0xE427,0x9243,
  0x5101,0x5921,0x5121,0x5121,0x38C0,0x006D,0x0063,0x0074,0x38C0,0x5941,0x5941,0x5121,0x5121,0x4901,0x6982,0xD3C6,
  0xEC47,0xEC27,0xEC27,0xEC27,0xEC47,0xEC47,0xEC47,0xEC47,0xEC47,0xEC47,0xEC47,0xEC47,0xEC47,0xEC47,0xEC67,0xEC67,
  0xEC67,0xEC67,0xEC47,0xEC47,0xEC47,0xEC47,0xEC47,0xEC47,0xEC47,0xEC67,0xEC67,0xEC67,0xEC67,0xEC67,0xEC67,0xEC67,
  0xEC67,0xEC67,0xEC67,0xEC67,0xEC67,0xEC67,0xEC47,0xEC47,0xEC47,0xEC67,0xEC67,0xEC67,0xEC67,0xEC67,0xEC47,0xEC47,
  0xEC47,0xEC47,0xEC67,0xEC67,0xEC67,0xEC67,0xEC67,0xEC67,0xEC67,0xEC67,0xEC67,0xEC67,0xEC67,0xEC47,0xEC47,0xEC47,
  0xEC47,0xEC67,0xEC67,0xEC67,0xEC67,0xEC67,0xEC67,0xEC47,0xEC27,0xEC27,0xEC47,0xEC47,0xEC47,0xEC47,0xEC47,0xEC47,
  0xEC47,0xEC47,0xEC47,0xEC47,0xEC47,0xEC47,0xEC47,0xEC47,0xEC47,0xEC47,0xEC47,0xEC47,0xEC47,0xEC47,0xEC27,0xEC27,
  0xEC27,0xEC27,0xEC27,0xEC27,0xEC47,0xEC68,0xA2C4,0x5941,0x5921,0x5121,0x4901,0x1040,0x006E,0x0062,0x0075,0x1860,
  0x5121,0x5121,0x5121,0x4901,0x4101,0x5101,0xBB25,0xF447,0xEC27,0xEC27,0xEC27,0xEC27,0xEC47,0xEC47,0xEC47,0xEC47,
  0xEC47,0xEC47,0xEC47,0xEC47,0xEC47,0xEC47,0xEC67,0xEC67,0xEC67,0xEC47,0xEC47,0xEC47,0xEC47,0xEC47,0xEC47,0xEC47,
  0xEC47,0xEC67,0xEC67,0xEC67,0xEC67,0xEC67,0xEC67,0xEC67,0xEC67,0xEC67,0xEC67,0xEC67,0xEC67,0xEC67,0xEC47,0xEC47,
  0xEC47,0xEC67,0xEC67,0xEC67,0xEC67,0xEC47,0xEC47,0xEC47,0xEC47,0xEC47,0xEC67,0xEC67,0xEC67,0xEC67,0xEC67,0xEC67,
  0xEC67,0xEC67,0xEC67,0xEC67,0xEC67,0xEC67,0xEC67,0xEC47,0xEC47,0xEC47,0xEC67,0xEC67,0xEC67,0xEC67,0xEC67,0xEC47,
  0xEC47,0xEC47,0xEC47,0xEC47,0xEC47,0xEC47,0xEC47,0xEC47,0xEC47,0xEC47,0xEC47,0xEC47,0xEC47,0xEC47,0xEC47,0xEC47,
  0xEC47,0xEC47,0xEC47,0xEC47,0xEC47,0xEC47,0xEC27,0xEC27,0xEC27,0xEC27,0xEC27,0xEC47,0xEC47,0xEC68,0xEC47,0x8A03,
  0x5121,0x5121,0x5121,0x30A0,0x006F,0x0061,0x0077,0x0820,0x38E0,0x5121,0x5101,0x5101,0x4901,0x40E1,0xA284,0xEC27,
  0xEC27,0xEC27,0xEC27,0xEC27,0xEC47,0xEC47,0xEC47,0xEC47,0xEC47,0xEC47,0xEC47,0xEC47,0xEC47,0xEC47,0xEC67,0xEC67,
  0xEC67,0xEC67,0xEC47,0xEC47,0xEC47,0xEC47,0xEC47,0xEC47,0xEC47,0xEC47,0xEC47,0xEC47,0xEC67,0xEC67,0xEC67,0xEC67,
  0xEC67,0xEC67,0xEC67,0xEC67,0xEC67,0xEC67,0xEC67,0xEC67,0xEC67,0xEC67,0xEC67,0xEC67,0xEC67,0xEC47,0xEC47,0xEC47,
  0xEC47,0xEC47,0xEC47,0xEC67,0xEC67,0xEC67,0xEC47,0xEC67,0xEC67,0xEC67,0xEC47,0xEC67,0xEC67,0xEC67,0xEC67,0xEC47,
  0xEC47,0xEC47,0xEC47,0xEC67,0xEC67,0xEC67,0xEC67,0xEC67,0xEC67,0xEC67,0xEC67,0xEC47,0xEC47,0xEC47,0xEC47,0xEC67,
  0xEC67,0xEC67,0xEC47,0xEC67,0xEC47,0xEC47,0xEC47,0xEC47,0xEC67,0xEC47,0xEC67,0xEC47,0xEC47,0xEC47,0xEC27,0xEC27,
  0xEC27,0xEC27,0xEC27,0xEC47,0xEC47,0xEC67,0xEC68,0xF488,0xCB86,0x6161,0x5121,0x5121,0x5121,0x2880,0x0070,0x0060,
  0x0079,0x0800,0x40E1,0x5121,0x5121,0x5121,0x5101,0x40C1,0x8203,0xE407,0xEC27,0xEC27,0xEC27,0xEC27,0xEC27,0xEC47,
  0xEC47,0xEC47,0xEC47,0xEC47,0xEC47,0xEC47,0xEC47,0xEC67,0xEC67,0xEC67,0xEC67,0xEC67,0xEC47,0xEC47,0xEC47,0xEC47,
  0xEC47,0xEC47,0xEC47,0xEC47,0xEC47,0xEC47,0xEC47,0xEC47,0xEC67,0xEC47,0xEC67,0xEC67,0xEC67,0xEC67,0xEC67,0xEC67,
  0xEC67,0xEC67,0xEC67,0xEC67,0xEC67,0xEC67,0xEC67,0xEC47,0xEC47,0xEC47,0xEC47,0xEC27,0xEC47,0xEC47,0xEC47,0xEC47,
  0xEC67,0xEC47,0xEC47,0xEC47,0xEC47,0xEC67,0xEC47,0xEC47,0xEC47,0xEC67,0xEC47,0xEC47,0xEC47,0xEC47,0xEC67,0xEC67,
  0xEC67,0xEC67,0xEC67,0xEC67,0xEC67,0xEC67,0xEC67,0xEC67,0xEC67,0xEC67,0xEC67,0xEC67,0xEC67,0xEC67,0xEC67,0xEC47,
  0xEC47,0xEC47,0xEC47,0xEC67,0xEC67,0xEC67,0xEC47,0xEC47,0xEC47,0xEC27,0xEC27,0xEC27,0xEC27,0xEC27,0xEC47,0xEC67,
  0xEC67,0xEC67,0xEC88,0xF488,0xA2A4,0x5121,0x5141,0x5121,0x5121,0x1860,0x0071,0x0060,0x007A,0x28A0,0x5941,0x5121,
  0x5121,0x5921,0x48E1,0x71C2,0xDC06,0xEC47,0xEC27,0xEC27,0xEC47,0xEC47,0xEC47,0xEC27,0xEC47,0xEC47,0xEC47,0xEC47,
  0xEC47,0xEC47,0xEC47,0xEC67,0xEC67,0xEC67,0xEC67,0xEC47,0xEC47,0xEC47,0xEC47,0xEC47,0xEC47,0xEC47,0xEC47,0xEC47,
  0xEC47,0xEC47,0xEC47,0xEC47,0xEC47,0xEC47,0xEC47,0xEC67,0xEC67,0xEC67,0xEC67,0xEC67,0xEC67,0xEC67,0xEC67,0xEC67,
  0xEC67,0xEC67,0xEC67,0xEC47,0xEC47,0xEC47,0xEC47,0xEC27,0xEC27,0xEC47,0xEC47,0xEC47,0xEC47,0xEC47,0xEC47,0xEC47,
  0xEC67,0xEC67,0xEC67,0xEC67,0xEC47,0xEC67,0xEC47,0xEC47,0xEC67,0xEC47,0xEC67,0xEC67,0xEC67,0xEC67,0xEC67,0xEC67,
  0xEC47,0xEC67,0xEC67,0xEC47,0xEC47,0xEC67,0xEC67,0xEC67,0xEC67,0xEC67,0xEC67,0xEC67,0xEC67,0xEC47,0xEC47,0xEC67,
  0xEC67,0xEC67,0xEC47,0xEC47,0xEC47,0xEC47,0xEC47,0xEC47,0xEC47,0xEC47,0xEC47,0xEC67,0xEC67,0xEC67,0xEC68,0xEC88,
  0xE427,0x8203,0x5121,0x5941,0x5141,0x40E1,0x0800,0x0072,0x005F,0x007B,0x0820,0x4901,0x5121,0x5121,0x5941,0x5101,
  0x71A2,0xD3E6,0xEC67,0xEC47,0xEC47,0xEC47,0xEC47,0xEC47,0xEC47,0xEC47,0xEC47,0xEC47,0xEC47,0xEC47,0xEC47,0xEC47,
  0xEC67,0xEC67,0xEC67,0xEC67,0xEC67,0xEC47,0xEC47,0xEC47,0xEC47,0xEC47,0xEC27,0xEC27,0xEC47,0xEC47,0xEC47,0xEC47,
  0xEC47,0xEC47,0xEC67,0xEC47,0xEC47,0xEC67,0xEC67,0xEC67,0xEC67,0xEC67,0xEC67,0xEC67,0xEC67,0xEC67,0xEC67,0xEC47,
  0xEC47,0xEC47,0xEC27,0xEC27,0xEC27,0xEC27,0xEC27,0xEC47,0xEC47,0xEC47,0xEC67,0xEC47,0xEC47,0xEC67,0xEC67,0xEC67,
  0xEC47,0xEC47,0xEC47,0xEC47,0xEC47,0xEC67,0xEC67,0xEC67,0xEC67,0xEC67,0xEC67,0xEC67,0xEC47,0xEC67,0xEC47,0xEC47,
  0xEC47,0xEC47,0xEC47,0xEC47,0xEC47,0xEC47,0xEC47,0xEC47,0xEC47,0xEC47,0xEC47,0xEC47,0xEC47,0xEC47,0xEC47,0xEC47,
  0xEC47,0xEC27,0xEC27,0xEC47,0xEC47,0xEC47,0xEC47,0xEC47,0xEC67,0xEC67,0xEC67,0xEC67,0xEC67,0xEC67,0xF488,0xD3E6,
  0x71A2,0x5941,0x5941,0x5121,0x2060,0x0073,0x005F,0x007B,0x30A0,0x5941,0x5121,0x5941,0x5141,0x5941,0xBB45,0xF488,
  0xEC47,0xEC67,0xEC67,0xEC47,0xEC47,0xEC47,0xEC47,0xEC47,0xEC47,0xEC47,0xEC47,0xEC47,0xEC47,0xEC67,0xEC67,0xEC67,
  0xEC67,0xEC67,0xEC67,0xEC47,0xEC47,0xEC47,0xEC27,0xEC07,0xEC07,0xEC27,0xEC47,0xEC47,0xEC47,0xEC47,0xEC47,0xEC47,
  0xEC67,0xEC47,0xEC67,0xEC67,0xEC67,0xEC67,0xEC67,0xEC67,0xEC67,0xEC67,0xEC67,0xEC67,0xEC67,0xEC47,0xEC47,0xEC27,
  0xEC27,0xEC27,0xEC27,0xEC27,0xEC27,0xEC47,0xEC47,0xEC47,0xEC47,0xEC67,0xEC67,0xEC67,0xEC67,0xEC67,0xEC47,0xEC47,
  0xEC47,0xEC27,0xEC47,0xEC67,0xEC67,0xEC67,0xEC67,0xEC67,0xEC67,0xEC67,0xEC67,0xEC67,0xEC47,0xEC47,0xEC47,0xEC47,
  0xEC47,0xEC47,0xEC47,0xEC47,0xEC47,0xEC47,0xEC47,0xEC67,0xEC67,0xEC67,0xEC67,0xEC67,0xEC47,0xEC47,0xEC27,0xEC27,
  0xEC27,0xEC47,0xEC47,0xEC47,0xEC47,0xEC47,0xEC67,0xEC67,0xEC67,0xEC67,0xEC67,0xEC67,0xEC88,0xEC67,0x8203,0x5941,
  0x5141,0x5121,0x2880,0x0074,0x005E,0x007D,0x1040,0x5121,0x5941,0x5941,0x5121,0x79E2,0xCBA6,0xEC67,0xEC67,0xEC67,
  0xEC67,0xEC67,0xEC47,0xEC47,0xEC47,0xEC47,0xEC47,0xEC47,0xEC47,0xEC47,0xEC47,0xEC67,0xEC67,0xEC67,0xEC67,0xEC67,
  0xEC67,0xEC67,0xEC47,0xEC47,0xEC27,0xEC07,0xEC06,0xEC06,0xEC27,0xEC47,0xEC47,0xEC47,0xEC47,0xEC47,0xEC47,0xEC47,
  0xEC67,0xEC47,0xEC47,0xEC67,0xEC67,0xEC67,0xEC67,0xEC67,0xEC67,0xEC67,0xEC47,0xEC47,0xEC47,0xEC47,0xEC47,0xEC47,
  0xEC47,0xEC27,0xEC27,0xEC27,0xEC47,0xEC47,0xEC67,0xEC67,0xEC67,0xEC67,0xEC67,0xEC67,0xEC67,0xEC67,0xEC47,0xEC27,
  0xEC27,0xEC47,0xEC67,0xEC67,0xEC67,0xEC67,0xEC67,0xEC67,0xEC67,0xEC67,0xEC47,0xEC47,0xEC47,0xEC47,0xEC47,0xEC27,
  0xEC27,0xEC27,0xEC47,0xF487,0xF4A7,0xEC67,0xE427,0xDC06,0xDC06,0xD3E6,0xD407,0xE447,0xF467,0xF467,0xEC47,0xEC27,
  0xEC47,0xEC47,0xEC47,0xEC47,0xEC47,0xEC47,0xEC47,0xEC47,0xEC67,0xEC67,0xEC67,0xEC88,0xEC88,0xA2A4,0x5941,0x5141,
  0x4921,0x40E1,0x1020,0x0075,0x005D,0x007E,0x0820,0x5121,0x6161,0x5961,0x5941,0x5941,0xB325,0xF467,0xEC47,0xEC47,
  0xEC47,0xEC47,0xEC47,0xEC47,0xEC47,0xEC47,0xEC47,0xEC47,0xEC47,0xEC47,0xEC47,0xEC67,0xEC67,0xEC67,0xEC67,0xEC67,
  0xEC67,0xEC67,0xEC67,0xEC47,0xEC27,0xEC07,0xEC06,0xEC06,0xEC07,0xEC47,0xEC47,0xEC47,0xEC47,0xEC47,0xEC47,0xEC47,
  0xEC47,0xEC47,0xEC47,0xEC47,0xEC67,0xEC47,0xEC67,0xEC67,0xEC47,0xEC47,0xEC47,0xEC47,0xEC47,0xEC47,0xEC47,0xEC47,
  0xEC47,0xEC47,0xEC47,0xEC47,0xEC47,0xEC47,0xEC47,0xEC67,0xEC67,0xEC67,0xEC67,0xEC67,0xEC67,0xEC67,0xEC47,0xEC47,
  0xEC27,0xEC47,0xEC47,0xEC67,0xEC67,0xEC67,0xEC67,0xEC67,0xEC67,0xEC67,0xEC47,0xEC47,0xEC47,0xEC47,0xEC47,0xEC27,
  0xEC27,0xEC27,0xF447,0xEC47,0xCBA6,0x9AC4,0x69C2,0x5141,0x4921,0x4901,0x4101,0x4101,0x5962,0x8243,0xB345,0xE406,
  0xF467,0xEC47,0xEC47,0xEC47,0xEC47,0xEC47,0xEC47,0xEC47,0xEC47,0xEC67,0xEC67,0xEC67,0xEC88,0xF488,0xE427,0x71C2,
  0x4901,0x4901,0x4901,0x38C0,0x0076,0x005D,0x007F,0x28A0,0x6161,0x5941,0x5961,0x5141,0x7A03,0xDC27,0xEC47,0xEC47,
  0xEC47,0xEC47,0xEC47,0xEC47,0xEC47,0xEC47,0xEC47,0xEC47,0xEC47,0xEC47,0xEC47,0xEC67,0xEC67,0xEC67,0xEC67,0xEC67,
  0xEC67,0xEC67,0xF467,0xEC67,0xEC47,0xEC07,0xEC07,0xEC07,0xEC27,0xEC47,0xEC47,0xEC47,0xEC47,0xEC47,0xEC47,0xEC67,
  0xEC47,0xEC67,0xEC47,0xEC67,0xEC67,0xEC67,0xEC47,0xEC47,0xEC47,0xEC47,0xEC47,0xEC47,0xEC47,0xEC47,0xEC47,0xEC47,
  0xEC47,0xEC47,0xEC47,0xEC47,0xEC47,0xEC47,0xEC47,0xEC47,0xEC67,0xEC67,0xEC67,0xEC67,0xEC67,0xEC67,0xEC47,0xEC47,
  0xEC47,0xEC47,0xEC47,0xEC47,0xEC67,0xEC67,0xEC67,0xEC67,0xEC67,0xEC67,0xEC67,0xEC67,0xEC47,0xEC47,0xEC47,0xEC47,
  0xEC27,0xEC27,0xEC27,0xBB65,0x69E3,0x38C1,0x2080,0x2080,0x2080,0x2060,0x2060,0x2060,0x1860,0x1860,0x1040,0x2080,
  0x5962,0xB305,0xEC47,0xEC47,0xEC47,0xEC47,0xEC47,0xEC47,0xEC47,0xEC67,0xEC67,0xEC67,0xEC67,0xEC67,0xEC67,0xEC68,
  0x8A43,0x40E1,0x4901,0x4901,0x4901,0x2880,0x0077,0x005C,0x0081,0x1040,0x5941,0x5961,0x5961,0x5961,0x5141,0x9AA4,
  0xEC67,0xEC27,0xEC47,0xEC47,0xEC47,0xEC27,0xEC47,0xEC47,0xEC47,0xEC47,0xEC47,0xEC47,0xEC47,0xEC47,0xEC67,0xEC67,
  0xEC67,0xEC67,0xEC67,0xEC67,0xEC67,0xEC87,0xEC67,0xEC27,0xEC27,0xEC27,0xEC47,0xEC47,0xEC47,0xEC47,0xEC47,0xEC47,
  0xEC47,0xEC47,0xEC67,0xEC67,0xEC67,0xEC67,0xEC67,0xEC67,0xEC67,0xEC47,0xEC47,0xEC47,0xEC47,0xEC47,0xEC47,0xEC47,
  0xEC47,0xEC47,0xEC47,0xEC47,0xEC47,0xEC47,0xEC47,0xEC47,0xEC47,0xEC47,0xEC47,0xEC67,0xEC67,0xEC67,0xEC47,0xEC67,
  0xEC47,0xEC67,0xEC67,0xEC47,0xEC47,0xEC47,0xEC47,0xEC67,0xEC67,0xEC67,0xEC67,0xEC67,0xEC47,0xEC67,0xEC67,0xEC67,
  0xEC47,0xEC47,0xEC27,0xEC47,0xDBE6,0x8223,0x28A1,0x1840,0x1860,0x1860,0x1840,0x2060,0x28A1,0x30C1,0x28A1,0x2060,
  0x1040,0x1860,0x1880,0x1860,0x2880,0x71E3,0xD3C6,0xF447,0xEC27,0xEC47,0xEC47,0xEC47,0xEC67,0xEC67,0xEC67,0xEC67,
  0xEC67,0xEC47,0xEC67,0xBB45,0x5121,0x4101,0x4901,0x4901,0x40E0,0x0800,0x0078,0x005C,0x0081,0x4101,0x6161,0x6161,
  0x6161,0x5941,0x69A2,0xCBA6,0xEC67,0xEC47,0xEC47,0xEC47,0xEC47,0xEC47,0xEC47,0xEC47,0xEC47,0xEC47,0xEC47,0xEC47,
  0xEC47,0xEC67,0xEC67,0xEC67,0xEC67,0xEC67,0xEC67,0xEC67,0xEC87,0xEC67,0xEC47,0xEC27,0xEC27,0xEC47,0xEC67,0xEC67,
  0xEC67,0xEC47,0xEC47,0xEC47,0xEC47,0xEC47,0xEC67,0xEC67,0xEC67,0xEC67,0xEC67,0xEC67,0xEC47,0xEC47,0xEC47,0xEC47,
  0xEC27,0xEC27,0xEC27,0xEC47,0xEC47,0xEC47,0xEC47,0xEC47,0xEC47,0xEC47,0xEC47,0xEC47,0xEC67,0xEC67,0xEC67,0xEC67,
  0xEC47,0xEC47,0xEC47,0xEC47,0xEC47,0xEC47,0xEC67,0xEC67,0xEC67,0xEC67,0xEC67,0xEC67,0xEC67,0xEC67,0xEC67,0xEC67,
  0xEC67,0xEC67,0xEC67,0xEC67,0xEC67,0xEC47,0xEC67,0xCBA6,0x5962,0x1020,0x1040,0x1040,0x1840,0x3943,0x730A,0x9CB1,
  0xBD94,0xC5D5,0xB553,0x9C70,0x732B,0x41A5,0x2080,0x1860,0x2080,0x2060,0x5141,0xC366,0xEC67,0xEC47,0xEC47,0xEC47,
  0xEC67,0xEC67,0xEC47,0xEC67,0xEC47,0xEC47,0xEC47,0xEC47,0xB325,0x5121,0x4901,0x4901,0x5101,0x1860,0x0079,0x005B,
  0x0082,0x0820,0x5141,0x6162,0x6161,0x6162,0x6162,0xB345,0xEC67,0xEC47,0xEC47,0xEC47,0xEC47,0xEC47,0xEC47,0xEC47,
  0xEC47,0xEC47,0xEC47,0xEC47,0xEC07,0xEC27,0xEC47,0xEC67,0xEC67,0xEC67,0xEC67,0xEC67,0xEC67,0xEC87,0xEC67,0xEC27,
  0xEC27,0xEC27,0xEC47,0xEC67,0xEC67,0xEC67,0xEC67,0xEC47,0xEC47,0xEC47,0xEC47,0xEC47,0xEC67,0xEC67,0xEC67,0xEC67,
  0xEC67,0xEC47,0xEC47,0xEC27,0xEC27,0xEC47,0xEC47,0xF447,0xF467,0xEC67,0xEC47,0xEC47,0xEC27,0xEC47,0xEC47,0xEC47,
  0xEC67,0xEC67,0xEC67,0xEC47,0xEC47,0xEC47,0xEC47,0xEC47,0xEC47,0xEC47,0xEC47,0xEC47,0xEC67,0xEC67,0xEC67,0xEC67,
  0xEC67,0xEC67,0xEC67,0xEC67,0xEC67,0xEC67,0xEC67,0xEC67,0xEC67,0xEC67,0xF488,0xC386,0x4101,0x0820,0x1060,0x0800,
  0x3123,0x942F,0xDE97,0xFF9C,0xFFDE,0xFFFE,0xFFFE,0xFFFE,0xFFDF,0xFFBE,0xE6FA,0xB532,0x5A68,0x2060,0x2080,0x2060,
  0x40E1,0xB345,0xEC87,0xEC47,0xEC47,0xEC47,0xEC47,0xEC47,0xEC47,0xEC47,0xEC67,0xEC67,0xEC67,0xE426,0x69A2,0x40E1,
  0x4901,0x5121,0x38C0,0x007A,0x005B,0x0083,0x1040,0x5941,0x6161,0x6161,0x5941,0x9264,0xEC47,0xEC67,0xEC47,0xEC47,
  0xEC67,0xEC67,0xEC67,0xEC67,0xEC47,0xEC47,0xEC47,0xEC47,0xEC07,0xEC07,0xEC07,0xEC47,0xEC67,0xEC67,0xEC67,0xEC67,
  0xEC67,0xEC87,0xEC67,0xEC47,0xEC27,0xEC27,0xEC47,0xEC47,0xEC67,0xEC67,0xEC67,0xEC67,0xEC47,0xEC47,0xEC47,0xEC47,
  0xEC47,0xEC47,0xEC67,0xEC67,0xEC67,0xEC47,0xEC47,0xF467,0xF487,0xEC67,0xDC27,0xD3C6,0xCBA6,0xCBA6,0xCBC6,0xDC07,
  0xEC47,0xF487,0xF467,0xEC47,0xEC47,0xEC67,0xEC67,0xEC47,0xEC47,0xEC47,0xEC47,0xEC47,0xEC47,0xEC47,0xEC47,0xEC47,
  0xEC47,0xEC67,0xEC47,0xEC47,0xEC67,0xEC67,0xEC67,0xEC67,0xEC47,0xEC67,0xEC67,0xEC67,0xEC67,0xEC67,0xF488,0xD3E7,
  0x4922,0x1040,0x1860,0x1020,0x6288,0xD657,0xFFBC,0xFFBC,0xFF9B,0xF77B,0xF77C,0xF79C,0xF79C,0xFF9D,0xFFBD,0xFFBE,
  0xFFDE,0xEF5C,0x940E,0x28C1,0x28A0,0x2080,0x38E1,0xC3A6,0xF487,0xEC47,0xEC47,0xEC47,0xEC47,0xEC47,0xEC67,0xEC67,
  0xEC67,0xEC47,0xEC47,0x8A43,0x40E1,0x5121,0x5121,0x5121,0x1860,0x007B,0x005B,0x0083,0x30A0,0x5941,0x5941,0x5141,
  0x6182,0xCBA6,0xEC67,0xEC47,0xEC67,0xEC67,0xEC67,0xEC67,0xEC67,0xEC67,0xEC67,0xEC67,0xEC47,0xEC27,0xEC07,0xEC06,
  0xEC06,0xEC47,0xEC67,0xEC67,0xEC67,0xEC67,0xEC67,0xEC67,0xEC47,0xEC47,0xEC27,0xEC47,0xEC47,0xEC47,0xEC47,0xEC67,
  0xEC67,0xEC67,0xEC47,0xEC47,0xEC47,0xEC47,0xEC47,0xEC47,0xEC47,0xEC47,0xEC67,0xF487,0xF487,0xCBC6,0x9AC5,0x7203,
  0x4942,0x30E1,0x28C1,0x28A1,0x30C1,0x4121,0x69E3,0xA2C4,0xCBC6,0xF487,0xF487,0xEC47,0xEC47,0xEC47,0xEC47,0xEC27,
  0xEC47,0xEC27,0xEC27,0xEC27,0xEC47,0xEC47,0xEC47,0xEC47,0xEC47,0xEC67,0xEC47,0xEC67,0xEC47,0xEC47,0xEC47,0xEC47,
  0xEC67,0xEC67,0xEC67,0xEC87,0xDC27,0x5982,0x1860,0x1880,0x1860,0x83AD,0xEF3B,0xFF9C,0xF75B,0xFF7B,0xFF7B,0xFF9B,
  0xFF9B,0xFF9C,0xFF9C,0xFFBD,0xFFBD,0xFF9D,0xFFDE,0xFFDE,0xEF3B,0x8BCD,0x28A1,0x28A0,0x2060,0x5962,0xE447,0xEC68,
  0xEC47,0xEC47,0xEC47,0xEC47,0xEC67,0xEC67,0xEC67,0xEC47,0xEC67,0xBB85,0x5121,0x4901,0x5121,0x5941,0x38C0,0x007C,
  0x005A,0x0084,0x0820,0x4901,0x5121,0x5121,0x5121,0x6182,0xD3E6,0xEC67,0xEC47,0xEC67,0xEC67,0xEC67,0xEC67,0xEC67,
  0xEC67,0xEC67,0xEC67,0xEC47,0xEC07,0xEC07,0xEC07,0xEC27,0xEC67,0xEC67,0xEC67,0xEC67,0xEC67,0xEC67,0xEC47,0xEC47,
  0xEC47,0xEC27,0xEC27,0xEC47,0xEC47,0xEC47,0xEC47,0xEC67,0xEC67,0xEC67,0xEC67,0xEC47,0xEC47,0xEC47,0xEC47,0xEC47,
  0xEC67,0xF467,0xC385,0x7203,0x38E1,0x2060,0x1860,0x1040,0x1040,0x0820,0x0820,0x0820,0x1040,0x1860,0x2080,0x38E1,
  0x7A03,0xC3A6,0xEC67,0xEC67,0xEC47,0xEC47,0xEC27,0xEC27,0xEC27,0xEC27,0xEC27,0xEC47,0xEC47,0xEC47,0xEC47,0xEC67,
  0xEC67,0xEC47,0xEC47,0xEC47,0xEC47,0xEC47,0xEC67,0xEC67,0xEC67,0xEC67,0xEC87,0x7A23,0x1860,0x2081,0x2060,0x8C0D,
  0xFFBC,0xF79C,0xF77B,0xFF9B,0xFF9B,0xFF7B,0xFF7B,0xFF9B,0xFF9B,0xFF9B,0xFF9C,0xFFBD,0xFFDD,0xC5D6,0x630B,0x39C6,
  0x39A5,0x20C1,0x2080,0x28A0,0x2060,0x8243,0xEC88,0xEC47,0xEC47,0xEC47,0xEC47,0xEC67,0xEC67,0xEC67,0xEC47,0xEC47,
  0xDC07,0x69A2,0x4901,0x5121,0x5141,0x40E1,0x007D,0x005A,0x0085,0x2060,0x4901,0x4901,0x5121,0x4901,0x69C2,0xDC07,
  0xEC47,0xEC47,0xEC47,0xEC67,0xEC67,0xEC67,0xEC67,0xEC67,0xEC67,0xEC67,0xEC27,0xEC07,0xEC07,0xEC27,0xEC47,0xEC67,
  0xEC67,0xEC87,0xEC88,0xEC67,0xEC67,0xEC67,0xEC47,0xEC47,0xEC27,0xEC47,0xEC47,0xEC47,0xEC47,0xEC47,0xEC47,0xEC47,
  0xEC67,0xEC67,0xEC67,0xEC47,0xEC47,0xEC47,0xF467,0xD3C6,0x7A03,0x30A1,0x1860,0x2080,0x1860,0x1840,0x1840,0x2081,
  0x20C2,0x28C2,0x20A1,0x1020,0x0820,0x1860,0x2080,0x2060,0x30C1,0x8223,0xDBE6,0xF467,0xEC27,0xEC27,0xEC27,0xEC27,
  0xEC27,0xEC47,0xEC47,0xEC47,0xEC47,0xEC47,0xEC47,0xEC47,0xEC47,0xEC47,0xEC47,0xEC47,0xEC47,0xEC47,0xEC47,0xEC47,
  0xF487,0xBB45,0x30A1,0x20A1,0x1860,0x732A,0xFF9C,0xFFBC,0xFF9C,0xFF9C,0xFF9B,0xFF9B,0xFF7B,0xFF7B,0xFF7B,0xFF9B,
  0xFF7B,0xFF9C,0xFF9C,0x8C50,0x18C2,0x0840,0x1040,0x1040,0x1060,0x1880,0x2080,0x2060,0x28A0,0xB345,0xF467,0xEC47,
  0xEC47,0xEC47,0xEC67,0xEC67,0xEC47,0xEC67,0xEC67,0xEC47,0x8A43,0x48E0,0x5121,0x5121,0x4901,0x0820,0x007E,0x005A,
  0x0085,0x38C0,0x4901,0x4901,0x5121,0x40E0,0x9264,0xEC67,0xEC47,0xEC47,0xEC47,0xEC67,0xEC67,0xEC67,0xEC67,0xEC67,
  0xEC67,0xEC67,0xEC27,0xEC07,0xEC07,0xEC27,0xEC47,0xEC67,0xEC67,0xEC67,0xEC67,0xEC67,0xEC67,0xEC67,0xEC47,0xEC47,
  0xEC47,0xEC47,0xEC47,0xEC47,0xEC47,0xEC47,0xEC47,0xEC47,0xEC47,0xEC67,0xEC47,0xEC47,0xEC47,0xF447,0xB305,0x4101,
  0x1840,0x2080,0x2080,0x2060,0x4184,0x6AC9,0x9C90,0xBDB5,0xCE36,0xD657,0xC5D5,0x9C6F,0x62C9,0x3143,0x1840,0x1860,
  0x1880,0x1860,0x5141,0xC365,0xEC47,0xEC26,0xEC27,0xEC27,0xEC47,0xEC47,0xEC47,0xEC47,0xEC47,0xEC47,0xEC47,0xEC47,
  0xEC47,0xEC47,0xEC47,0xEC47,0xEC47,0xEC47,0xEC47,0xEC67,0xE427,0x6162,0x2080,0x2060,0x49E5,0xE6F9,0xFFDD,0xF79D,
  0xFFBC,0xFFBC,0xFF9C,0xFF9B,0xFF9B,0xFF9B,0xFF9B,0xFF9B,0xF77C,0xFFBC,0x8C2F,0x0840,0x1061,0x1081,0x1081,0x1061,
  0x1061,0x1060,0x1860,0x2080,0x1040,0x5982,0xE427,0xEC47,0xEC47,0xEC67,0xEC67,0xEC67,0xEC67,0xEC67,0xEC67,0xF488,
  0xC386,0x5941,0x5121,0x5121,0x5121,0x2880,0x007F,0x0059,0x0086,0x1040,0x4901,0x4901,0x4901,0x4901,0x4921,0xC365,
  0xF467,0xEC47,0xEC47,0xEC47,0xEC47,0xEC67,0xEC67,0xEC67,0xEC67,0xEC67,0xEC47,0xEC07,0xEC07,0xEC27,0xEC47,0xEC47,
  0xEC47,0xEC67,0xEC67,0xEC67,0xEC67,0xEC67,0xEC67,0xEC47,0xEC47,0xEC47,0xEC47,0xEC47,0xEC47,0xEC47,0xEC47,0xEC47,
  0xEC47,0xEC47,0xEC47,0xEC47,0xEC47,0xEC47,0x9A84,0x2881,0x1860,0x2080,0x1840,0x3943,0x942F,0xDED9,0xF79D,0xFFDE,
  0xFFDD,0xFFDC,0xFFBC,0xFFBC,0xFFBC,0xF79C,0xDE77,0x944E,0x3964,0x1020,0x1860,0x1040,0x38C1,0xB305,0xEC47,0xEC27,
  0xEC27,0xEC47,0xEC47,0xEC47,0xEC47,0xEC47,0xEC47,0xEC47,0xEC47,0xEC47,0xEC47,0xEC47,0xEC47,0xEC47,0xEC47,0xEC47,
  0xF467,0x9AA4,0x2880,0x2081,0x20A1,0xB553,0xFFFE,0xF79C,0xFFBD,0xFFBD,0xFFBC,0xFF9C,0xFF9C,0xFF9C,0xFF9C,0xFF9C,
  0xFF9C,0xFFDD,0xBDB5,0x10A2,0x0860,0x1081,0x1061,0x1061,0x0861,0x0840,0x0840,0x1040,0x1860,0x1040,0x1860,0xB325,
  0xF467,0xEC47,0xEC47,0xEC67,0xEC67,0xEC67,0xEC67,0xEC67,0xEC68,0xF467,0xA2C4,0x5121,0x5121,0x5121,0x40E0,0x0080,
  0x0059,0x006E,0x2880,0x5101,0x4901,0x4901,0x40E0,0x79E3,0xE427,0xEC47,0xEC47,0xEC47,0xEC47,0xEC47,0xEC47,0xEC47,
  0xEC67,0xEC67,0xEC67,0xEC47,0xEC07,0xEC27,0xEC47,0xEC47,0xEC47,0xEC47,0xEC47,0xEC47,0xEC67,0xEC67,0xEC67,0xEC47,
  0xEC47,0xEC47,0xEC47,0xEC47,0xEC67,0xEC67,0xEC47,0xEC47,0xEC47,0xEC47,0xEC47,0xEC27,0xEC27,0xEC47,0x9A84,0x2060,
  0x1861,0x1860,0x20C1,0x7B6B,0xD678,0xFFDE,0xFFDE,0xFFBD,0xF79C,0xFF9C,0xFF7B,0xFF7B,0xF77B,0xF75B,0xFF7B,0xFF9B,
  0xFF9C,0xE6B8,0x734B,0x1881,0x1040,0x1040,0x30A0,0xBB45,0xEC67,0xEC47,0xEC47,0xEC67,0xEC67,0xEC67,0xEC47,0xEC47,
  0xEC47,0xEC47,0xEC47,0xEC47,0xEC47,0xEC47,0xEC47,0xEC47,0xEC67,0xDC07,0x5122,0x2080,0x1840,0x6AE9,0xF77C,0xFF9D,
  0xFF9D,0xFFBC,0xFFBC,0xFFBC,0xFFBC,0xFF9C,0xFF9C,0xFF9C,0xFF9C,0xFFBD,0xF79C,0x5AAA,0x0020,0x1081,0x0861,0x0840,
  0x0080,0x00C9,0x0017,0x0820,0x0820,0x0820,0x0840,0x1040,0x0820,0x61A2,0xE427,0xEC47,0xEC47,0xEC67,0xEC67,0xEC67,
  0xEC67,0xEC67,0xEC68,0xF488,0xDBE6,0x6982,0x5121,0x5121,0x40E0,0x0820,0x0081,0x0058,0x0071,0x0020,0x4101,0x4901,
  0x4901,0x4101,0x4901,0xBB45,0xEC67,0xEC47,0xEC47,0xEC67,0xEC47,0xEC47,0xEC47,0xEC67,0xEC67,0xEC47,0xEC47,0xEC67,
  0xEC47,0xEC47,0xEC47,0xEC47,0xEC47,0xEC47,0xEC47,0xEC47,0xEC47,0xEC47,0xEC67,0xEC47,0xEC47,0xEC47,0xEC67,0xEC67,
  0xEC67,0xEC67,0xEC67,0xEC67,0xEC67,0xEC47,0xEC47,0xEC27,0xEC47,0x9AA4,0x1860,0x1040,0x1040,0x3143,0xB552,0xFFBD,
  0xFFDE,0xF79D,0xFF9D,0xFFBC,0xFFBC,0xFF9C,0xFF9C,0xFF9C,0xFF9C,0xFF9B,0xFF7B,0xFF9C,0xEF3B,0xC5F6,0x8C50,0x3164,
  0x0820,0x1060,0x1040,0x40E1,0xCBA6,0xF487,0xEC67,0xEC67,0xEC67,0xEC67,0xEC67,0xEC67,0xEC47,0xEC47,0xEC47,0xEC47,
  0xEC47,0xEC47,0xEC47,0xEC47,0xF487,0xAB05,0x2880,0x2060,0x30E2,0xC5D4,0xFFDD,0xF77C,0xFF9C,0xFFBC,0xFF9C,0xFF9C,
  0xFF9C,0xFF9C,0xFF9C,0xFFBC,0xF79C,0xFFDE,0xC616,0x18C3,0x0841,0x0861,0x0820,0x1061,0x41E7,0x2103,0x0081,0x00CA,
  0x0016,0x0020,0x0020,0x0820,0x0840,0x0820,0x2060,0xBB45,0xEC47,0xEC47,0xEC47,0xEC47,0xEC67,0xEC67,0xEC67,0xEC67,
  0xEC68,0xE447,0x71E2,0x4900,0x4901,0x40E0,0x1840,0x0082,0x0058,0x006A,0x0820,0x4901,0x4901,0x4901,0x40E0,0x9263,
  0xEC47,0xEC47,0xEC47,0xEC47,0xEC67,0xEC67,0xEC67,0xEC67,0xEC67,0xEC67,0xEC67,0xEC67,0xEC67,0xEC67,0xEC47,0xEC47,
  0xEC47,0xEC47,0xEC47,0xEC47,0xEC47,0xEC47,0xEC47,0xEC47,0xEC67,0xEC47,0xEC47,0xEC67,0xEC67,0xEC67,0xEC67,0xEC67,
  0xEC67,0xEC67,0xEC47,0xEC27,0xEC47,0xB325,0x2060,0x0840,0x0820,0x3144,0xCDF5,0xFFDD,0xF79C,0xF79C,0xFF9C,0xFFBC,
  0xFFBC,0xFF9C,0xFF9C,0xFF9C,0xFF9C,0xFF9C,0xFF9C,0xFFDD,0xDE98,0x62EA,0x1082,0x0020,0x0820,0x0820,0x1040,0x1860,
  0x1020,0x61A2,0xE467,0xEC88,0xEC67,0xEC67,0xEC67,0xEC67,0xEC67,0xEC47,0xEC67,0xEC67,0xEC47,0xEC47,0xEC47,0xEC47,
  0xEC47,0xEC47,0x71C3,0x2080,0x1840,0x6AE9,0xF77B,0xFF9B,0xFF9B,0xFF9C,0xFF9C,0xFF9C,0xFF9C,0xFF9C,0xFF9C,0xFF9C,
  0xFF9C,0xFF9C,0xFFDD,0x7BCE,0x0082,0x00C3,0x0002,0x0861,0x0841,0x0082,0x00C6,0x001A,0x6B4C,0xF77D,0x9471,0x0820,
  0x0020,0x0020,0x0820,0x0820,0x1040,0x0800,0x7A23,0xEC47,0xEC47,0xEC47,0xEC47,0xEC47,0xEC67,0xEC67,0xEC67,0xF488,
  0xE427,0x6182,0x40E0,0x40E0,0x38C0,0x2060,0x0083,0x0058,0x003F,0x2060,0x4901,0x4901,0x4901,0x4901,0xC365,0xEC67,
  0xEC47,0xEC47,0xEC47,0xEC67,0xEC67,0xEC67,0xEC67,0xEC67,0xEC67,0xEC67,0xEC67,0xEC67,0xEC47,0xEC47,0xEC47,0xEC47,
  0xEC47,0xEC47,0xEC47,0xEC47,0xEC47,0xEC47,0xEC47,0xEC47,0xEC47,0xEC47,0xEC67,0xEC67,0xEC67,0xF467,0xEC67,0xEC67,
  0xEC67,0xEC47,0xEC67,0xD3C6,0x4101,0x0820,0x0820,0x28E3,0xC5B5,0xFFBC,0xF75B,0xFF7B,0xFF9B,0xFF9B,0xFF9C,0xFF9C,
  0xFF9C,0xFF9C,0xFF9C,0xFFBC,0xFF9D,0xFFDE,0xD678,0x39C6,0x0083,0x0098,0x002A,0x0820,0x0820,0x0820,0x0820,0x0820,
  0x1040,0x1860,0x2060,0x9AE5,0xF4A8,0xEC67,0xEC67,0xEC67,0xEC67,0xEC67,0xEC67,0xEC47,0xEC47,0xEC67,0xEC47,0xEC47,
  0xEC47,0xEC68,0xCBA6,0x40E1,0x2081,0x20A1,0xAD12,0xFFDD,0xF77B,0xFF9B,0xFF9B,0xFF9B,0xFF9B,0xFF9B,0xFF9C,0xFF9C,
  0xFF9B,0xFF7B,0xFFBC,0xEF3A,0x41E7,0x0083,0x00C3,0x0002,0x0840,0x0840,0x0083,0x00C6,0x001A,0x8C51,0xFFFF,0x94B2,
  0x0020,0x0820,0x0820,0x0840,0x0820,0x1040,0x0820,0x4941,0xE426,0xEC47,0xEC47,0xEC67,0xEC67,0xEC67,0xEC67,0xEC67,
  0xEC67,0xEC47,0x71E2,0x30A0,0x38C0,0x38A0,0x2060,0x0084,0x0058,0x003E,0x38C0,0x4901,0x4900,0x4101,0x40E1,0xBB45,
  0xEC67,0xEC47,0xEC47,0xEC47,0xEC67,0xEC67,0xEC67,0xEC67,0xEC67,0xEC67,0xEC67,0xEC67,0xEC67,0xEC47,0xEC47,0xEC47,
  0xEC47,0xEC47,0xEC47,0xEC47,0xEC47,0xEC47,0xEC47,0xEC47,0xEC47,0xEC47,0xEC47,0xEC47,0xEC67,0xEC67,0xEC67,0xF467,
  0xF467,0xEC67,0xEC67,0xEC67,0x7A03,0x1020,0x0840,0x1881,0xAD12,0xFFBC,0xF75A,0xFF7B,0xFF7B,0xFF7B,0xFF9B,0xFF9B,
  0xFF9C,0xFF9C,0xFF9C,0xFFBC,0xFF9D,0xFFDD,0xEF1B,0x4A28,0x0084,0x0097,0x002B,0x1081,0x0861,0x0840,0x0840,0x0840,
  0x0820,0x1040,0x1860,0x1040,0x38E1,0xD3E6,0xEC88,0xEC67,0xEC67,0xEC67,0xEC67,0xEC47,0xEC67,0xEC67,0xEC47,0xEC47,
  0xEC47,0xEC47,0xF487,0xA2C4,0x2880,0x1860,0x49E6,0xE6FA,0xFFBC,0xF77B,0xFF9B,0xFF9B,0xFF9B,0xFF9C,0xFF9C,0xFF9C,
  0xFF9B,0xFF9B,0xF77B,0xFFBC,0xCE37,0x18E3,0x0084,0x00C3,0x0002,0x0020,0x0020,0x0084,0x00C6,0x0003,0x31A6,0xA513,
  0x39C6,0x0084,0x00CA,0x0016,0x0841,0x0840,0x0840,0x0840,0x1060,0x1040,0x28C0,0xCBA6,0xF467,0xEC47,0xEC67,0xEC67,
  0xEC67,0xEC67,0xEC67,0xEC67,0xF488,0x9284,0x2880,0x30A0,0x30A0,0x2880,0x0085,0x0057,0x008A,0x0820,0x40E1,0x4901,
  0x4900,0x40E0,0x4901,0xCBA6,0xEC67,0xEC47,0xEC47,0xEC47,0xEC67,0xEC67,0xEC67,0xEC67,0xEC67,0xEC67,0xEC67,0xEC67,
  0xEC67,0xEC67,0xEC47,0xEC47,0xEC47,0xEC47,0xEC47,0xEC47,0xEC47,0xEC47,0xEC47,0xEC47,0xEC47,0xEC47,0xEC27,0xEC47,
  0xEC67,0xEC67,0xEC67,0xEC67,0xEC67,0xEC67,0xF488,0xBB66,0x3080,0x1860,0x1040,0x8BEE,0xFFBC,0xF77A,0xFF7A,0xFF7B,
  0xFF7B,0xFF7B,0xFF9B,0xFF9B,0xFF9B,0xFF9C,0xFF9C,0xFFBC,0xF79D,0xFFDE,0x840E,0x0820,0x1881,0x1081,0x1061,0x1061,
  0x1061,0x0840,0x0840,0x1040,0x1060,0x1860,0x1040,0x8A63,0xF487,0xEC67,0xEC67,0xEC47,0xEC47,0xEC47,0xEC47,0xEC67,
  0xEC47,0xEC47,0xEC47,0xEC47,0xEC47,0x71C3,0x1860,0x1840,0x7B8C,0xFFDD,0xF79C,0xFF9C,0xFF9B,0xFF9B,0xFF9C,0xFF9C,
  0xFF9C,0xFF9C,0xFF9C,0xFF9B,0xF77B,0xFFBC,0xA4F2,0x0840,0x0020,0x0020,0x0020,0x0020,0x0020,0x0840,0x0020,0x0840,
  0x0841,0x0841,0x0841,0x1061,0x1860,0x1860,0x1860,0xA2E4,0xF487,0xEC47,0xEC67,0xEC67,0xEC67,0xEC67,0xEC67,0xEC47,
  0xF488,0xC365,0x38C0,0x28A0,0x28A0,0x2880,0x0820,0x0086,0x0057,0x006A,0x1040,0x40E0,0x38E0,0x38E0,0x30A0,0x69C2,
  0xE427,0xEC47,0xEC47,0xEC47,0xEC47,0xEC47,0xEC67,0xEC47,0xEC47,0xEC47,0xEC67,0xEC67,0xEC67,0xEC67,0xEC47,0xEC47,
  0xEC47,0xEC47,0xEC47,0xEC27,0xEC27,0xEC47,0xEC47,0xEC47,0xEC47,0xEC47,0xEC47,0xEC47,0xEC47,0xEC67,0xEC67,0xEC67,
  0xEC67,0xEC67,0xEC68,0xEC67,0x69A3,0x1860,0x1840,0x5227,0xEF3A,0xFF9B,0xF75A,0xFF7B,0xFF7B,0xFF7B,0xFF9B,0xFF9B,
  0xFF9B,0xFF9B,0xFF9C,0xFF9C,0xFF9C,0xFFDE,0xD658,0x2924,0x1060,0x1881,0x1081,0x1061,0x0820,0x0840,0x1061,0x1061,
  0x1060,0x1060,0x1880,0x1860,0x4101,0xDC06,0xF467,0xEC47,0xEC67,0xEC67,0xEC47,0xEC47,0xEC47,0xEC47,0xEC47,0xEC27,
  0xEC47,0xDBE6,0x4901,0x1860,0x1860,0xA4B0,0xFFFD,0xF77B,0xFF9C,0xFF9C,0xFF9C,0xFF9C,0xFF9C,0xFF9C,0xFF9C,0xFF9C,
  0xFF9C,0xF77C,0xFFBC,0x83EE,0x0086,0x00C2,0x001F,0x0820,0x0020,0x0020,0x0820,0x0820,0x0820,0x0840,0x0840,0x0840,
  0x0861,0x0861,0x1061,0x1060,0x1860,0x1040,0x8243,0xF487,0xEC67,0xEC67,0xEC67,0xEC67,0xEC67,0xEC67,0xEC67,0xEC67,
  0xE407,0x6162,0x2880,0x28A0,0x2880,0x1020,0x0087,0x0057,0x006A,0x2880,0x40E0,0x30A0,0x30C0,0x28A0,0x8A64,0xF467,
  0xEC47,0xEC47,0xEC47,0xEC47,0xEC67,0xEC47,0xEC47,0xEC47,0xEC47,0xEC47,0xEC47,0xEC67,0xEC67,0xEC47,0xEC47,0xEC47,
  0xEC47,0xEC47,0xEC47,0xEC27,0xEC27,0xEC47,0xEC47,0xEC47,0xEC47,0xEC47,0xEC47,0xEC47,0xEC47,0xEC47,0xEC47,0xEC67,
  0xEC47,0xF488,0xBB45,0x2881,0x1881,0x28C1,0xBD73,0xFFDD,0xF77B,0xFF7B,0xFF7B,0xFF7B,0xFF7B,0xFF9B,0xFF9B,0xFF9B,
  0xFF9B,0xFF9C,0xFF9C,0xFF9C,0xFFDD,0x83CE,0x0820,0x1081,0x1081,0x1061,0x18C2,0x736C,0x4207,0x0840,0x1081,0x1081,
  0x1061,0x1860,0x2080,0x1860,0x9AC4,0xF487,0xEC47,0xEC47,0xEC47,0xEC47,0xEC67,0xEC47,0xEC47,0xEC47,0xEC27,0xEC47,
  0xC386,0x30A1,0x1040,0x28E3,0xCE36,0xFFDC,0xFF7B,0xFF9C,0xFF9C,0xFF9C,0xFF9C,0xFF9C,0xFF9C,0xFF9C,0xFF9C,0xFF9C,
  0xF77C,0xFFBC,0x736C,0x0087,0x00C2,0x001F,0x0840,0x0820,0x0820,0x0820,0x0840,0x0840,0x0840,0x0840,0x0840,0x0841,
  0x0841,0x0861,0x1061,0x1860,0x1040,0x69E2,0xEC67,0xEC68,0xEC67,0xEC67,0xEC67,0xEC67,0xEC67,0xEC67,0xEC47,0xEC47,
  0x79E3,0x2860,0x28A0,0x2880,0x1020,0x0088,0x0057,0x006A,0x30C0,0x38C0,0x30A0,0x30C0,0x38E1,0xB345,0xF467,0xEC47,
  0xEC47,0xEC47,0xEC47,0xEC67,0xEC47,0xEC47,0xEC47,0xEC47,0xEC47,0xEC47,0xEC67,0xEC67,0xEC47,0xEC47,0xEC47,0xEC47,
  0xEC27,0xEC27,0xEC27,0xEC47,0xEC47,0xEC47,0xEC47,0xEC47,0xEC47,0xEC47,0xEC47,0xEC47,0xEC47,0xEC47,0xEC47,0xEC47,
  0xEC67,0x71C3,0x1860,0x1840,0x6AC9,0xFF9C,0xFF9C,0xFF7B,0xFF7B,0xFF7B,0xFF9B,0xFF9B,0xFF9B,0xFF9B,0xFF9B,0xFF9B,
  0xFF9B,0xF77B,0xFF9C,0xE6F9,0x39A6,0x0020,0x1061,0x1081,0x0820,0x5289,0xFFDE,0xB574,0x18A1,0x1060,0x1081,0x1061,
  0x1860,0x2080,0x1040,0x5182,0xE447,0xEC47,0xEC47,0xEC47,0xEC47,0xEC47,0xEC47,0xEC47,0xEC47,0xEC27,0xEC67,0xA2E4,
  0x1861,0x1020,0x41A5,0xEEF9,0xFF9C,0xFF7B,0xFF9C,0xFF9C,0xFF9C,0xFF9C,0xFF9C,0xFF9C,0xFF9C,0xFF9C,0xFF9C,0xF79D,
  0xFFBC,0x6B2B,0x0088,0x00C2,0x001F,0x0861,0x0840,0x0840,0x0840,0x0840,0x0840,0x0840,0x0840,0x0840,0x0840,0x0841,
  0x0841,0x1041,0x1040,0x0820,0x4941,0xE427,0xEC68,0xEC67,0xEC67,0xEC67,0xEC47,0xEC47,0xEC47,0xEC47,0xF447,0x9A84,
  0x2880,0x2880,0x28A0,0x2060,0x0089,0x0057,0x008A,0x3080,0x38A0,0x38C0,0x30A0,0x5141,0xDC07,0xEC67,0xEC47,0xEC47,
  0xEC67,0xEC67,0xEC67,0xEC67,0xEC67,0xEC67,0xEC67,0xEC67,0xEC67,0xEC67,0xEC47,0xEC47,0xEC47,0xEC47,0xEC47,0xEC27,
  0xEC27,0xEC27,0xEC27,0xEC47,0xEC47,0xEC47,0xEC47,0xEC47,0xEC47,0xEC47,0xEC67,0xEC67,0xEC47,0xEC47,0xF467,0xCBA6,
  0x30C1,0x1860,0x28A1,0xBD73,0xFFFD,0xFF9C,0xFF9C,0xFF9B,0xFF9B,0xFF9B,0xFF9B,0xFF9B,0xFF9C,0xFF9C,0xFF9B,0xFF7B,
  0xF75B,0xFFBD,0xB554,0x0861,0x0820,0x0840,0x1061,0x0820,0x41E7,0xDEB9,0x9450,0x1061,0x1061,0x1061,0x1061,0x1060,
  0x1860,0x1040,0x28C1,0xC3A6,0xEC67,0xEC27,0xEC47,0xEC47,0xEC47,0xEC47,0xEC47,0xEC47,0xE427,0xF467,0x8A44,0x1041,
  0x0820,0x62C9,0xF77B,0xFF7C,0xFF9B,0xFF9C,0xFF9C,0xFF9C,0xFF9C,0xFF9C,0xFF9C,0xFF9C,0xFF9C,0xFF9C,0xF79D,0xF79C,
  0x62EA,0x0820,0x1081,0x0861,0x0840,0x0840,0x0840,0x0840,0x0840,0x0840,0x0840,0x0840,0x0840,0x0841,0x0840,0x1040,
  0x0820,0x38E1,0xD3E6,0xEC47,0xEC47,0xEC47,0xEC47,0xEC47,0xEC47,0xEC47,0xEC27,0xF447,0xC365,0x38C1,0x2880,0x30A0,
  0x2880,0x008A,0x0056,0x003D,0x0820,0x38A0,0x38A0,0x38C0,0x30A0,0x7A03,0xEC47,0xEC47,0xEC47,0xEC47,0xEC67,0xEC67,
  0xEC67,0xEC67,0xEC67,0xEC67,0xEC67,0xEC67,0xEC67,0xEC67,0xEC67,0xEC47,0xEC47,0xEC47,0xEC47,0xEC47,0xEC27,0xEC27,
  0xEC47,0xEC47,0xEC47,0xEC47,0xEC47,0xEC47,0xEC47,0xEC47,0xEC47,0xEC67,0xEC47,0xEC47,0xF487,0x8A64,0x1860,0x1840,
  0x5206,0xEF3A,0xFFBD,0xFF9C,0xFF9C,0xFF9C,0xFF9C,0xFF9C,0xFF9C,0xFF9C,0xFF9C,0xFF9B,0xFF9B,0xFF7B,0xF75B,0xFFBC,
  0x83EE,0x008A,0x0094,0x004D,0x0841,0x0840,0x0840,0x0840,0x0841,0x3164,0x18C2,0x0840,0x1061,0x1040,0x0840,0x1040,
  0x1040,0x1040,0x1040,0x9AC4,0xF467,0xEC27,0xEC47,0xEC47,0xEC47,0xEC47,0xEC47,0xEC47,0xE427,0xEC67,0x7A03,0x1041,
  0x1040,0x83EE,0xFFBD,0xF77C,0xFF9C,0xFF9B,0xFF9C,0xFF9C,0xFF9C,0xFF9C,0xFF9C,0xFF9C,0xFF9C,0xF79C,0xF79D,0xFF9C,
  0x630B,0x0820,0x1081,0x1061,0x0861,0x0840,0x0840,0x0840,0x0840,0x0840,0x0840,0x0840,0x0840,0x0840,0x0840,0x1040,
  0x0820,0x28A1,0xCBA6,0xEC47,0xEC27,0xEC27,0xEC27,0xEC47,0xEC47,0xEC27,0xEC27,0xF447,0xCB86,0x40E1,0x2880,0x30A0,
  0x2880,0x008B,0x0056,0x003D,0x1860,0x5101,0x30A0,0x38A0,0x30A0,0x9AA4,0xEC67,0xEC47,0xEC47,0xEC47,0xEC47,0xEC67,
  0xEC67,0xEC67,0xEC67,0xEC67,0xEC67,0xEC67,0xEC67,0xEC67,0xEC67,0xEC47,0xEC47,0xEC47,0xEC47,0xEC47,0xEC47,0xEC47,
  0xEC47,0xEC47,0xEC47,0xEC47,0xEC47,0xEC47,0xEC47,0xEC47,0xEC67,0xEC67,0xEC47,0xEC67,0xE427,0x5142,0x1861,0x1840,
  0x8BCD,0xFFDD,0xF79C,0xFF9C,0xFF9C,0xFF9C,0xFF9C,0xFF9C,0xFF9C,0xFF9C,0xFF9C,0xFF9B,0xFF9B,0xFF7B,0xF77B,0xF77B,
  0x62EA,0x008B,0x0094,0x004E,0x0841,0x0820,0x0840,0x0840,0x0840,0x0020,0x0840,0x1061,0x0861,0x0840,0x0840,0x0840,
  0x0840,0x1040,0x0800,0x69C2,0xEC47,0xEC47,0xEC47,0xEC67,0xEC67,0xEC47,0xEC67,0xEC67,0xEC68,0xEC67,0x69C2,0x1861,
  0x1860,0x942F,0xFFDE,0xF77C,0xFF9C,0xFF9C,0xFF9C,0xFF9C,0xFF9B,0xFF9C,0xFF9C,0xFF9C,0xFF9C,0xFF9C,0xF79C,0xFFBD,
  0x736C,0x0820,0x1081,0x1061,0x1061,0x0861,0x0840,0x0840,0x0840,0x0840,0x0840,0x0840,0x0840,0x0841,0x0840,0x1040,
  0x0820,0x2080,0xCB85,0xEC27,0xEC07,0xEC26,0xEC27,0xEC27,0xEC27,0xEC27,0xEC27,0xF447,0xB305,0x3080,0x2880,0x30A0,
  0x2880,0x0820,0x008C,0x0056,0x003D,0x2060,0x5921,0x38C0,0x30A0,0x30A0,0x9AA4,0xEC67,0xEC47,0xEC47,0xEC67,0xEC67,
  0xEC67,0xEC67,0xEC67,0xEC67,0xEC67,0xEC67,0xEC67,0xEC47,0xEC67,0xEC67,0xEC67,0xEC47,0xEC47,0xEC47,0xEC47,0xEC47,
  0xEC47,0xEC47,0xEC47,0xEC47,0xEC47,0xEC47,0xEC47,0xEC47,0xEC47,0xEC47,0xEC47,0xEC47,0xF487,0xC386,0x30C1,0x1860,
  0x28E2,0xC5D5,0xFFDD,0xF79C,0xFF9C,0xFF9C,0xFF9C,0xFF9C,0xFF9C,0xFF9C,0xFF9C,0xFF9C,0xFF9B,0xFF9B,0xFF7B,0xFF9B,
  0xEF3A,0x4207,0x008C,0x0094,0x004E,0x0840,0x0820,0x0840,0x0840,0x0840,0x1061,0x1061,0x0840,0x0840,0x0840,0x0840,
  0x0840,0x0820,0x1040,0x0800,0x4121,0xDC27,0xEC47,0xEC47,0xEC67,0xEC67,0xEC67,0xEC67,0xEC68,0xEC88,0xE447,0x6182,
  0x1881,0x1860,0x9CB1,0xFFFE,0xF77C,0xFF9C,0xFF9C,0xFF9C,0xFF9C,0xFF9B,0xFF9B,0xFF9B,0xFF9B,0xFF9B,0xFF9B,0xF77C,
  0xFFDD,0x840E,0x0020,0x1061,0x1061,0x1061,0x1061,0x0861,0x0840,0x0840,0x0840,0x0840,0x0841,0x0841,0x0841,0x1061,
  0x1040,0x0840,0x2080,0xC385,0xEC27,0xEC06,0xEC06,0xEC27,0xEC27,0xEC27,0xEC27,0xEC27,0xF447,0xC345,0x38C0,0x30A0,
  0x30A0,0x30A0,0x1020,0x008D,0x0056,0x003D,0x30A0,0x5941,0x4921,0x40E0,0x30A0,0x9AC4,0xEC67,0xEC47,0xEC47,0xEC47,
  0xEC47,0xEC67,0xEC67,0xEC67,0xEC67,0xEC67,0xEC67,0xEC67,0xEC47,0xEC67,0xEC67,0xEC67,0xEC47,0xEC47,0xEC47,0xEC47,
  0xEC47,0xEC47,0xEC47,0xEC67,0xEC47,0xEC67,0xEC47,0xEC67,0xEC67,0xEC47,0xEC47,0xEC47,0xEC47,0xF487,0xA2C4,0x2060,
  0x1840,0x49C5,0xEF1A,0xFFBD,0xFF9C,0xFF9C,0xFF9C,0xFF9C,0xFF9C,0xFF9C,0xFF9C,0xFF9C,0xFF9C,0xFF9B,0xFF9B,0xFF7B,
  0xFF9B,0xDED9,0x3165,0x008D,0x0094,0x004E,0x0840,0x0820,0x0840,0x0840,0x0840,0x0840,0x0840,0x0840,0x0840,0x0840,
  0x0840,0x0840,0x0840,0x1040,0x0820,0x30E1,0xD3E6,0xEC67,0xEC67,0xEC67,0xEC67,0xEC67,0xEC67,0xEC68,0xEC88,0xE447,
  0x5982,0x1880,0x2081,0xAD33,0xFFDE,0xF77C,0xFF9C,0xFF9B,0xFF9C,0xFF9C,0xFF9B,0xFF9B,0xFF9B,0xFF9B,0xFF9B,0xFF9B,
  0xF75B,0xFFDD,0x94B1,0x0820,0x0861,0x0861,0x1061,0x0861,0x0861,0x0840,0x0840,0x0840,0x0841,0x0861,0x0840,0x0861,
  0x1061,0x1860,0x1040,0x28A0,0xC385,0xEC27,0xEC06,0xEC26,0xEC27,0xEC27,0xEC27,0xEC47,0xEC47,0xEC67,0xE406,0x5941,
  0x30A0,0x30A0,0x30A0,0x1040,0x008E,0x0056,0x003D,0x38E1,0x5941,0x5141,0x5121,0x4901,0xBB65,0xF467,0xEC47,0xEC47,
  0xEC67,0xEC47,0xEC47,0xEC67,0xEC67,0xEC67,0xEC67,0xEC67,0xEC67,0xEC67,0xEC67,0xEC67,0xEC67,0xEC67,0xEC67,0xEC47,
  0xEC47,0xEC47,0xEC47,0xEC67,0xEC67,0xEC67,0xEC47,0xEC47,0xEC47,0xEC67,0xEC67,0xEC47,0xEC47,0xEC47,0xF487,0x7A23,
  0x1840,0x1840,0x6AEA,0xFFBC,0xFFBD,0xFF9C,0xFF9C,0xFF9C,0xFF9C,0xFF9C,0xFF9C,0xFF9C,0xFF9C,0xFF9C,0xFF9C,0xFF9B,
  0xFF7B,0xFF9C,0xDEB8,0x2944,0x008E,0x0094,0x004E,0x0820,0x0820,0x0840,0x0840,0x0840,0x0840,0x0840,0x0840,0x0840,
  0x0840,0x0840,0x0840,0x0840,0x1040,0x1040,0x28A0,0xC386,0xF488,0xEC68,0xEC87,0xEC67,0xEC67,0xEC67,0xEC88,0xEC88,
  0xE447,0x5162,0x1880,0x2080,0xAD12,0xFFDE,0xF77C,0xFF9B,0xFF9B,0xFF9B,0xFF9B,0xFF9B,0xFF9B,0xFF9B,0xFF9B,0xFF9B,
  0xFF7B,0xF75B,0xFFDC,0xBD94,0x1081,0x0840,0x0861,0x0861,0x0861,0x0861,0x0841,0x0860,0x0861,0x0840,0x0861,0x0861,
  0x1061,0x1060,0x1860,0x1040,0x28A1,0xCBA6,0xEC47,0xEC27,0xEC27,0xEC27,0xEC47,0xEC47,0xEC47,0xEC47,0xEC68,0xEC27,
  0x71A2,0x38C0,0x40E0,0x40E0,0x2060,0x008F,0x0056,0x003D,0x40E1,0x5941,0x5141,0x5121,0x6182,0xD3E6,0xEC67,0xEC47,
  0xEC47,0xEC47,0xEC47,0xEC47,0xEC47,0xEC67,0xEC67,0xEC67,0xEC67,0xEC67,0xEC67,0xEC67,0xEC67,0xEC67,0xEC67,0xEC67,
  0xEC67,0xEC47,0xEC67,0xEC67,0xEC67,0xEC47,0xEC47,0xEC47,0xEC67,0xEC67,0xEC67,0xEC67,0xEC47,0xEC47,0xEC47,0xE427,
  0x4942,0x1040,0x1860,0xA4B0,0xFFFD,0xFF9C,0xFFBC,0xFF9C,0xFF9C,0xFF9C,0xFF9C,0xFF9C,0xFF9C,0xFF9C,0xFF9C,0xFF9C,
  0xFF9C,0xFF7B,0xFFBC,0xDE98,0x2924,0x008F,0x0094,0x004E,0x0820,0x0840,0x0840,0x0840,0x0840,0x0840,0x0840,0x0840,
  0x0840,0x0840,0x0840,0x0840,0x0840,0x1040,0x1860,0x2060,0xAB25,0xF4A8,0xE488,0xEC88,0xEC67,0xEC67,0xEC67,0xEC88,
  0xEC88,0xDC27,0x5142,0x1861,0x1860,0x9C91,0xFFDD,0xF77B,0xFF7B,0xFF9B,0xFF9B,0xFF9B,0xFF9B,0xFF9B,0xFF9B,0xFF9B,
  0xFF9B,0xFF7B,0xFF7B,0xFFBC,0xE6D9,0x3185,0x0020,0x1061,0x0861,0x0861,0x0861,0x0840,0x0861,0x0860,0x0860,0x0861,
  0x0861,0x0861,0x1060,0x1860,0x0840,0x30C1,0xD3C6,0xEC47,0xEC27,0xEC27,0xEC47,0xEC47,0xEC47,0xEC67,0xEC67,0xEC68,
  0xEC47,0x71C2,0x40E0,0x4901,0x4901,0x30A0,0x0090,0x0056,0x003D,0x40E1,0x5141,0x5141,0x5121,0x6182,0xDBE6,0xEC67,
  0xEC47,0xEC47,0xEC47,0xEC47,0xEC47,0xEC67,0xEC67,0xEC67,0xEC67,0xEC67,0xEC67,0xEC67,0xEC67,0xEC67,0xEC67,0xEC67,
  0xEC67,0xEC67,0xEC47,0xEC47,0xEC67,0xEC47,0xEC47,0xEC47,0xEC47,0xEC47,0xEC47,0xEC67,0xEC67,0xEC47,0xEC47,0xEC67,
  0xD3C6,0x30C1,0x1040,0x2081,0xBD94,0xFFFE,0xFF9C,0xFFBC,0xFF9C,0xFF9C,0xFF9C,0xFF9C,0xFF9C,0xFF9C,0xFF9C,0xFF9C,
  0xFF9C,0xFF9C,0xFF7B,0xFFBC,0xDEB8,0x2964,0x0090,0x0094,0x002E,0x0840,0x0820,0x0820,0x0820,0x0840,0x0840,0x0840,
  0x0840,0x0840,0x0840,0x0840,0x0840,0x1060,0x1060,0x2060,0x1860,0xA304,0xF4C8,0xE488,0xEC88,0xEC67,0xEC67,0xEC67,
  0xEC67,0xEC68,0xE447,0x5162,0x1041,0x1020,0x8C2F,0xFFBD,0xF75B,0xFF7B,0xFF7B,0xFF9B,0xFF9B,0xFF9B,0xFF9B,0xFF9B,
  0xFF9B,0xFF9B,0xFF9B,0xFF7B,0xFF9B,0xFF9C,0x62EB,0x0090,0x00C3,0x001F,0x1081,0x1061,0x1061,0x0861,0x0840,0x0840,
  0x0840,0x0841,0x0861,0x0841,0x0840,0x1040,0x1860,0x0820,0x4101,0xDC06,0xEC27,0xEC27,0xEC47,0xEC47,0xEC47,0xEC47,
  0xEC67,0xEC67,0xEC67,0xEC67,0x9243,0x40E0,0x4901,0x4901,0x30A0,0x0091,0x0055,0x003E,0x0820,0x5121,0x5141,0x5141,
  0x4901,0x69A2,0xDC07,0xEC67,0xEC47,0xEC47,0xEC47,0xEC47,0xEC47,0xEC67,0xEC67,0xEC67,0xEC67,0xEC67,0xEC67,0xEC67,
  0xEC67,0xEC67,0xEC67,0xEC67,0xEC67,0xEC67,0xEC67,0xEC67,0xEC47,0xEC47,0xEC47,0xEC47,0xEC47,0xEC47,0xEC47,0xEC47,
  0xEC67,0xEC47,0xEC47,0xEC67,0xC386,0x28C1,0x1040,0x3102,0xD637,0xFFDD,0xFF9C,0xFF9C,0xFF9C,0xFF9C,0xFF9C,0xFF9C,
  0xFF9C,0xFF9C,0xFF9C,0xFF9B,0xFF9B,0xFF9B,0xFF9B,0xFF9B,0xEF1A,0x41E6,0x0091,0x0094,0x004E,0x0840,0x0820,0x0840,
  0x0840,0x0840,0x0840,0x0840,0x0840,0x0840,0x0840,0x0840,0x0840,0x1061,0x1860,0x2060,0x1860,0x9AC4,0xF4C8,0xE468,
  0xEC67,0xEC67,0xEC67,0xEC67,0xEC67,0xE447,0xEC47,0x61C3,0x0841,0x0820,0x83EE,0xFF9C,0xF75B,0xFF7B,0xFF7B,0xFF7B,
  0xFF9B,0xFF9B,0xFF9B,0xFF9C,0xFF9C,0xFF9C,0xFF9C,0xFF9C,0xF77C,0xFFDD,0xA512,0x1061,0x1081,0x1061,0x1061,0x0861,
  0x0840,0x0840,0x0840,0x0840,0x0840,0x0840,0x0840,0x1040,0x1040,0x0800,0x5982,0xE447,0xEC27,0xEC47,0xEC47,0xEC47,
  0xEC67,0xEC47,0xEC47,0xEC47,0xEC47,0xF467,0xB305,0x40E0,0x40E0,0x48E0,0x30A0,0x0092,0x0055,0x003E,0x0820,0x5121,
  0x5941,0x5141,0x4901,0x92A4,0xEC67,0xEC47,0xEC47,0xEC47,0xEC67,0xEC67,0xEC67,0xEC67,0xEC67,0xEC67,0xEC67,0xEC67,
  0xEC67,0xEC67,0xEC67,0xEC67,0xEC67,0xEC67,0xEC67,0xEC67,0xEC67,0xEC47,0xEC67,0xEC47,0xEC47,0xEC47,0xEC47,0xEC47,
  0xEC47,0xEC47,0xEC47,0xEC47,0xEC47,0xF468,0xB345,0x20A1,0x0840,0x41A5,0xE71A,0xFFBD,0xFF9B,0xFF9B,0xFF9C,0xFF9C,
  0xFF9C,0xFF9C,0xFF9C,0xFF9B,0xFF9B,0xFF9B,0xFF9B,0xFF9B,0xFF7B,0xFF7B,0xF77B,0x5269,0x0092,0x0094,0x004E,0x0841,
  0x0840,0x0840,0x0840,0x0840,0x0840,0x0840,0x0840,0x0840,0x0840,0x0840,0x1040,0x1061,0x1860,0x2080,0x1860,0x9AC4,
  0xF4A8,0xE468,0xEC67,0xEC67,0xEC47,0xEC47,0xEC47,0xE427,0xEC27,0x7203,0x0841,0x0820,0x734C,0xFF9C,0xF75B,0xFF7B,
  0xFF9B,0xFF9B,0xFF9B,0xFF9C,0xFF9C,0xFF9C,0xFF9C,0xFF9C,0xFF9C,0xFF9C,0xF79C,0xFFBD,0xE71A,0x39A6,0x0840,0x1061,
  0x0841,0x0840,0x0840,0x0840,0x0840,0x0840,0x0840,0x0840,0x0840,0x1040,0x1040,0x0820,0x7203,0xEC67,0xEC47,0xEC47,
  0xEC47,0xEC47,0xEC67,0xEC47,0xEC47,0xEC47,0xEC47,0xEC67,0xAB05,0x38C0,0x40E0,0x40E0,0x30A0,0x0093,0x0056,0x003D,
  0x40E1,0x5941,0x5121,0x5121,0xB365,0xF487,0xEC47,0xEC47,0xEC67,0xEC67,0xEC67,0xEC67,0xEC67,0xEC67,0xEC67,0xEC67,
  0xEC67,0xEC67,0xEC67,0xEC67,0xEC67,0xEC67,0xEC67,0xEC67,0xEC67,0xEC67,0xEC67,0xEC47,0xEC47,0xEC47,0xEC47,0xEC47,
  0xEC47,0xEC47,0xEC47,0xEC47,0xEC47,0xE447,0xF488,0xAB25,0x20A1,0x1020,0x41C5,0xEF1A,0xFF9C,0xFF7B,0xFF9B,0xFF9C,
  0xFF9C,0xFF9C,0xFF9B,0xFF9B,0xFF9B,0xFF9B,0xFF9B,0xFF7B,0xFF7B,0xFF7B,0xF77B,0xFF9C,0x6B4C,0x0093,0x0094,0x004E,
  0x1061,0x0840,0x0840,0x0840,0x0840,0x0840,0x0840,0x0840,0x0840,0x0840,0x0840,0x0840,0x1060,0x1860,0x2080,0x1840,
  0x92A4,0xF488,0xE447,0xEC47,0xEC47,0xEC47,0xEC47,0xEC47,0xE427,0xEC27,0x8A44,0x0841,0x0800,0x5248,0xEF3A,0xFF9B,
  0xFF7B,0xFF9B,0xFF9C,0xFF9C,0xFF9C,0xFF9C,0xFF9C,0xFF9C,0xFF9C,0xFF9C,0xFFBC,0xFFBD,0xFF9C,0xFFFE,0x9470,0x0820,
  0x0861,0x0840,0x0840,0x0840,0x0840,0x0840,0x0840,0x0840,0x0840,0x0840,0x1040,0x1040,0x1040,0x92A4,0xF487,0xEC47,
  0xEC67,0xEC67,0xEC67,0xEC67,0xEC67,0xEC47,0xEC47,0xEC47,0xEC67,0xAAE5,0x38A0,0x38C0,0x40E0,0x2880,0x0094,0x0056,
  0x006E,0x28A0,0x5941,0x5121,0x5121,0xAB04,0xF487,0xEC47,0xEC67,0xEC67,0xEC67,0xEC67,0xEC67,0xEC67,0xEC67,0xEC67,
  0xEC67,0xEC67,0xEC47,0xEC47,0xEC67,0xEC67,0xEC67,0xEC67,0xEC67,0xEC67,0xEC67,0xEC67,0xEC67,0xEC47,0xEC47,0xEC47,
  0xEC67,0xEC67,0xEC47,0xEC47,0xEC47,0xEC47,0xE447,0xF488,0xB325,0x20A1,0x1040,0x41A4,0xE6F9,0xFF9C,0xFF7B,0xFF9B,
  0xFF9B,0xFF9C,0xFF9C,0xFF9B,0xFF9B,0xFF9B,0xFF7B,0xFF7B,0xFF7B,0xFF7B,0xFF7B,0xF75B,0xFFDD,0x9CB1,0x0840,0x1061,
  0x1061,0x0841,0x0840,0x0840,0x0840,0x0840,0x0840,0x0840,0x0840,0x0840,0x0840,0x1060,0x1060,0x1860,0x1040,0x92A4,
  0xF488,0xE447,0xEC47,0xEC47,0xEC47,0xEC27,0xEC27,0xE407,0xEC27,0xA2C4,0x1061,0x0820,0x3964,0xE6B9,0xFFBC,0xFF9B,
  0xFF9C,0xFF9C,0xFF9C,0xFF9C,0xFF9C,0xFF9C,0xFF9C,0xFF9C,0xFF9C,0xFF9C,0xFFBC,0xFF9C,0xFFBD,0xEF5B,0x4A48,0x0094,
  0x00C5,0x001D,0x0861,0x0820,0x0820,0x0820,0x0840,0x0840,0x0840,0x0840,0x0840,0x1040,0x1040,0x20A0,0xC3A6,0xF487,
  0xEC67,0xEC67,0xEC67,0xEC67,0xEC67,0xEC67,0xEC67,0xEC47,0xEC47,0xEC67,0x9284,0x30A0,0x38C0,0x38C0,0x1860,0x0095,
  0x0056,0x006F,0x1860,0x5121,0x5121,0x4901,0x92A4,0xEC67,0xEC47,0xEC67,0xEC67,0xEC67,0xEC67,0xEC67,0xEC67,0xEC67,
  0xEC67,0xEC67,0xEC67,0xEC67,0xEC67,0xEC67,0xEC67,0xEC67,0xEC67,0xEC67,0xEC67,0xEC67,0xEC67,0xEC47,0xEC47,0xEC47,
  0xEC47,0xEC47,0xEC47,0xEC47,0xEC47,0xEC47,0xEC47,0xE447,0xF488,0xB325,0x20A1,0x1060,0x3984,0xE6D9,0xFF9C,0xFF7B,
  0xFF9B,0xFF7B,0xFF9B,0xFF9B,0xFF9B,0xFF9B,0xFF9B,0xFF9B,0xFF7B,0xFF7B,0xFF7B,0xFF7B,0xF77C,0xFFDD,0xCE37,0x20E3,
  0x1060,0x1081,0x1061,0x0840,0x0840,0x0840,0x0840,0x0840,0x0840,0x0840,0x0840,0x0840,0x0840,0x1040,0x1860,0x1040,
  0xA2E4,0xF487,0xE427,0xEC47,0xEC47,0xEC27,0xEC27,0xEC27,0xEC07,0xEC27,0xC365,0x28A1,0x1040,0x28C2,0xC5F6,0xFFDD,
  0xFF9C,0xFFBC,0xFFBC,0xFFBC,0xFF9C,0xFF9C,0xFF9C,0xFF9C,0xFF9C,0xFF9C,0xFF9C,0xFF9C,0xFF9C,0xF77C,0xFFDD,0xD677,
  0x2965,0x0095,0x00C6,0x001C,0x0841,0x0840,0x0820,0x0820,0x0840,0x0841,0x0820,0x0840,0x1860,0x1020,0x4121,0xDC27,
  0xF467,0xEC67,0xEC67,0xEC47,0xEC67,0xEC67,0xEC67,0xEC67,0xEC67,0xEC67,0xEC67,0x8223,0x30A0,0x38C0,0x38C0,0x1860,
  0x0096,0x0056,0x0070,0x1860,0x5121,0x5121,0x5121,0x8223,0xEC47,0xEC67,0xEC67,0xEC67,0xEC47,0xEC47,0xEC47,0xEC67,
  0xEC67,0xEC67,0xEC47,0xEC47,0xEC67,0xEC67,0xEC67,0xEC67,0xEC67,0xEC67,0xEC67,0xEC67,0xEC67,0xEC67,0xEC47,0xEC67,
  0xEC47,0xEC47,0xEC47,0xEC47,0xEC47,0xEC47,0xEC47,0xEC47,0xE447,0xF488,0xBB65,0x28C1,0x1060,0x3984,0xE6D9,0xFF9C,
  0xF77B,0xFF7B,0xFF7B,0xFF9B,0xFF9B,0xFF9B,0xFF9B,0xFF9B,0xFF9B,0xFF9B,0xFF9B,0xFF9B,0xFF9C,0xF79C,0xFFBD,0xF77B,
  0x4A48,0x0820,0x1081,0x1061,0x0861,0x0840,0x0840,0x0840,0x0840,0x0840,0x0840,0x0840,0x0840,0x0840,0x1040,0x1040,
  0x1840,0xAB25,0xEC67,0xE427,0xEC47,0xEC27,0xEC27,0xEC27,0xEC27,0xEC27,0xEC27,0xE406,0x5142,0x1860,0x2060,0x9C91,
  0xFFFE,0xF79C,0xFFBD,0xFFBC,0xFFBC,0xFF9C,0xFF9C,0xFF9C,0xFF9C,0xFF9C,0xFF9C,0xFF9C,0xFF9C,0xFF9B,0xFF9B,0xF77B,
  0xFFDC,0xCE16,0x39A6,0x0096,0x00C8,0x0002,0x0020,0x0020,0x0096,0x00CC,0x0016,0x18C3,0x1881,0x1860,0x1040,0x7203,
  0xEC87,0xEC47,0xEC47,0xEC47,0xEC47,0xEC47,0xEC47,0xEC67,0xEC67,0xEC67,0xEC68,0xEC88,0x9284,0x30A0,0x38C0,0x38C0,
  0x2060,0x0097,0x0056,0x008C,0x2080,0x5141,0x5141,0x5121,0x71C2,0xE427,0xEC67,0xEC67,0xEC67,0xEC47,0xEC47,0xEC47,
  0xEC47,0xEC67,0xEC47,0xEC07,0xEC07,0xEC47,0xEC67,0xEC67,0xEC87,0xEC87,0xEC67,0xEC67,0xEC67,0xEC67,0xEC67,0xEC47,
  0xEC47,0xEC67,0xEC47,0xEC47,0xEC47,0xEC67,0xEC47,0xEC47,0xEC47,0xEC47,0xF488,0xCBC6,0x3901,0x1860,0x3123,0xD677,
  0xFFBC,0xF77A,0xFF7B,0xFF7B,0xFF9B,0xFF7B,0xFF9B,0xFF9B,0xFF9B,0xFF9B,0xFF9B,0xFF9C,0xFF9C,0xFF9C,0xFF9C,0xFF9C,
  0xFFFE,0x8C70,0x0840,0x1081,0x1061,0x1061,0x0861,0x0840,0x0840,0x0840,0x0840,0x0840,0x0840,0x0840,0x0840,0x1040,
  0x0840,0x2080,0xBB65,0xEC47,0xEC27,0xEC47,0xEC47,0xEC47,0xEC47,0xEC27,0xEC27,0xEC47,0xF467,0x8A64,0x2080,0x1860,
  0x62A9,0xF77C,0xFFBD,0xF79D,0xFFBC,0xFF9C,0xFF9C,0xFF9C,0xFF9C,0xFF9C,0xFF9C,0xFF9C,0xFF9B,0xFF9B,0xFF9B,0xFF9B,
  0xFF7B,0xF77B,0xFFBC,0xDEB8,0x738D,0x2944,0x10A2,0x1081,0x18C2,0x5AEB,0x840F,0x20A1,0x1860,0x2080,0xB345,0xF487,
  0xEC47,0xEC47,0xEC47,0xEC47,0xEC47,0xEC47,0xEC47,0xEC67,0xEC67,0xEC67,0xEC68,0x9AA4,0x38C0,0x38E0,0x40E0,0x2060,
  0x0098,0x0056,0x008C,0x2880,0x5141,0x5141,0x5121,0x69A2,0xDC07,0xEC67,0xEC67,0xEC47,0xEC47,0xEC47,0xEC47,0xEC47,
  0xEC67,0xEC27,0xEC07,0xEC06,0xEC47,0xEC67,0xEC87,0xEC87,0xEC67,0xEC67,0xEC67,0xEC67,0xEC67,0xEC67,0xEC47,0xEC47,
  0xEC47,0xEC47,0xEC67,0xEC67,0xEC67,0xEC67,0xEC67,0xEC47,0xEC67,0xF488,0xDBE7,0x4101,0x1860,0x20C1,0xBDB4,0xFFDC,
  0xFF5A,0xFF7A,0xFF7B,0xFF7B,0xFF9B,0xFF9B,0xFF9B,0xFF9B,0xFF9B,0xFF9C,0xFF9C,0xFF9C,0xFF9C,0xFFBC,0xFF9C,0xFFDE,
  0xDEB9,0x3185,0x0840,0x1081,0x1061,0x0861,0x0840,0x0840,0x0840,0x0840,0x0840,0x0840,0x0840,0x0840,0x1040,0x0820,
  0x30E1,0xD3E6,0xEC47,0xEC27,0xEC47,0xEC47,0xEC47,0xEC47,0xEC47,0xEC47,0xEC47,0xF4A8,0xC386,0x30E1,0x2081,0x3122,
  0xCE16,0xFFDE,0xF79D,0xFF9C,0xFF9C,0xFF9C,0xFF9B,0xFF9B,0xFF9B,0xFF9B,0xFF9B,0xFF9B,0xFF9B,0xFF9B,0xFF9B,0xFF9B,
  0xFF9B,0xF77B,0xFFBB,0xFF9B,0xDEB8,0xBDD5,0xB594,0xCE37,0xF77C,0x732B,0x1840,0x1860,0x5142,0xE427,0xEC47,0xEC27,
  0xEC27,0xEC27,0xEC27,0xEC27,0xEC47,0xEC47,0xEC47,0xEC67,0xEC47,0xEC67,0xAAE5,0x40C0,0x40E0,0x40E0,0x2080,0x0099,
  0x0056,0x008C,0x2080,0x5141,0x5941,0x5121,0x6182,0xD3E6,0xEC87,0xEC47,0xEC47,0xEC47,0xEC47,0xEC47,0xEC47,0xEC67,
  0xEC27,0xEC07,0xEC07,0xEC47,0xEC67,0xEC87,0xEC87,0xEC67,0xEC67,0xEC67,0xEC67,0xEC47,0xEC47,0xEC47,0xEC47,0xEC47,
  0xEC47,0xEC67,0xEC67,0xEC67,0xEC67,0xEC67,0xEC67,0xEC67,0xEC67,0xEC27,0x5162,0x1060,0x1840,0x942E,0xFFBC,0xFF5A,
  0xFF7A,0xFF7B,0xFF7B,0xFF9B,0xFF9B,0xFF9B,0xFF9C,0xFF9C,0xFF9C,0xFF9C,0xFF9C,0xFFBC,0xFFBC,0xFFBD,0xF79D,0xFFDE,
  0x9490,0x0820,0x1061,0x0861,0x0840,0x0840,0x0840,0x0840,0x0840,0x0840,0x0840,0x0840,0x0840,0x1040,0x0820,0x5162,
  0xE427,0xEC47,0xEC47,0xEC47,0xEC67,0xEC47,0xEC67,0xF467,0xF467,0xEC88,0xECA8,0xEC67,0x61A2,0x2081,0x2080,0x83AC,
  0xFFBD,0xFF9C,0xFF9C,0xFF9B,0xFF9B,0xFF9B,0xFF9B,0xFF9B,0xFF9B,0xFF9B,0xFF9B,0xFF9B,0xFF9B,0xFF9B,0xFF9B,0xFF9B,
  0xFF9B,0xFF7A,0xFF7A,0xFFBB,0xFFBC,0xF79D,0xFFFF,0xC5D5,0x28E2,0x2080,0x2060,0x9AC4,0xF467,0xEC27,0xEC27,0xEC27,
  0xEC27,0xEC27,0xEC27,0xEC27,0xEC27,0xEC47,0xEC47,0xEC47,0xEC67,0x9AA4,0x40E1,0x4101,0x4901,0x2060,0x009A,0x0056,
  0x0040,0x2060,0x5121,0x5141,0x5121,0x61A2,0xDC06,0xEC67,0xEC47,0xEC47,0xEC47,0xEC47,0xEC47,0xEC67,0xEC67,0xEC47,
  0xEC07,0xEC07,0xEC27,0xEC67,0xEC67,0xEC67,0xEC67,0xEC67,0xEC67,0xEC47,0xEC47,0xEC47,0xEC47,0xEC47,0xEC47,0xEC67,
  0xEC67,0xEC67,0xEC67,0xEC67,0xEC67,0xEC67,0xEC67,0xEC47,0xF467,0x7A03,0x1040,0x1020,0x5A88,0xF75A,0xFF7B,0xFF7A,
  0xFF7B,0xFF7B,0xFF9B,0xFF9B,0xFF9B,0xFF9C,0xFF9C,0xFF9C,0xFF9C,0xFF9C,0xFF9C,0xFF9C,0xFF9C,0xFF9C,0xFFBD,0xF75B,
  0x5269,0x009A,0x0097,0x004B,0x0861,0x0840,0x0820,0x0840,0x0840,0x0840,0x0840,0x1040,0x1040,0x1040,0x1860,0x1020,
  0x8264,0xF467,0xEC47,0xEC47,0xEC67,0xEC67,0xEC67,0xEC67,0xF467,0xF467,0xEC88,0xEC88,0xF4A8,0xA2E5,0x2080,0x1860,
  0x3123,0xCDF5,0xFFBC,0xF77B,0xFF9B,0xFF7B,0xFF9B,0xFF9B,0xFF9B,0xFF9B,0xFF9B,0xFF9B,0xFF9C,0xFF9C,0xFF9C,0xFF9C,
  0xFF9B,0xFF9B,0xFF9B,0xFF7B,0xF77B,0xF75B,0xF77C,0xEF5B,0x5AA9,0x1860,0x2081,0x5121,0xDC27,0xEC67,0xEC47,0xEC47,
  0xEC47,0xEC27,0xEC27,0xEC27,0xEC27,0xEC27,0xEC27,0xEC47,0xF467,0xD3C6,0x6182,0x48E1,0x4900,0x4901,0x2060,0x009B,
  0x0056,0x0041,0x30C0,0x5121,0x5121,0x4900,0x7A03,0xE447,0xEC47,0xEC47,0xEC47,0xEC47,0xEC47,0xEC67,0xEC67,0xEC67,
  0xEC47,0xEC27,0xEC07,0xEC47,0xEC67,0xEC67,0xEC67,0xEC67,0xEC67,0xEC67,0xEC47,0xEC47,0xEC47,0xEC47,0xEC47,0xEC47,
  0xEC67,0xEC67,0xEC67,0xEC67,0xEC67,0xEC67,0xEC67,0xEC67,0xEC47,0xF467,0x9AA4,0x1860,0x1020,0x3144,0xDE97,0xFF9B,
  0xF77B,0xFF7B,0xFF9B,0xFF9B,0xFF9B,0xFF9C,0xFF9C,0xFF9C,0xFF9C,0xFF9C,0xFF9C,0xFF9C,0xFF9C,0xFF9C,0xFF9C,0xFF7C,
  0xFFBD,0xD698,0x39C6,0x009B,0x0098,0x004A,0x0840,0x0841,0x0840,0x0841,0x1061,0x1061,0x1040,0x1040,0x2060,0x2060,
  0x2060,0xB345,0xF487,0xEC47,0xEC47,0xEC47,0xEC47,0xEC67,0xEC67,0xF467,0xEC67,0xEC67,0xEC67,0xEC88,0xD3E7,0x4101,
  0x1060,0x0820,0x62A9,0xF75A,0xFF7B,0xFF7B,0xFF7B,0xFF7B,0xFF9B,0xFF9B,0xFF9B,0xFF9B,0xFF9B,0xFF9C,0xFF9C,0xFF9C,
  0xFF9C,0xFF9C,0xFF9C,0xFF9B,0xFF7B,0xFF7B,0xF77B,0xFFDD,0xA4B0,0x1880,0x1881,0x2060,0xA2A4,0xF488,0xEC67,0xEC67,
  0xEC67,0xEC47,0xEC47,0xEC47,0xEC27,0xEC27,0xEC27,0xEC27,0xEC27,0xF467,0xBB25,0x5101,0x4901,0x4901,0x4901,0x1840,
  0x009C,0x0056,0x0043,0x30A0,0x5121,0x4921,0x40E0,0x7A23,0xEC67,0xEC47,0xEC47,0xEC47,0xEC67,0xEC67,0xEC67,0xEC67,
  0xEC67,0xEC67,0xEC47,0xEC27,0xEC47,0xEC67,0xEC67,0xEC67,0xEC67,0xEC67,0xEC47,0xEC47,0xEC47,0xEC47,0xEC47,0xEC67,
  0xEC67,0xEC67,0xEC67,0xEC67,0xEC67,0xEC67,0xEC67,0xEC67,0xEC67,0xEC47,0xF447,0xBB45,0x2881,0x1060,0x1060,0xAD11,
  0xFFBC,0xF77B,0xFF9B,0xFF9B,0xFF9C,0xFF9C,0xFF9C,0xFF9C,0xFF9C,0xFF9C,0xFF9C,0xFF9C,0xFF9C,0xFF9C,0xFF9B,0xFF9B,
  0xFF7B,0xF75B,0xFFBC,0xD677,0x4A68,0x0020,0x009C,0x009B,0x0002,0x0020,0x0820,0x009C,0x009E,0x0044,0x2103,0x3123,
  0x2060,0x2040,0x38E1,0xD3E6,0xEC67,0xEC47,0xEC47,0xEC47,0xEC47,0xEC67,0xEC67,0xEC67,0xEC67,0xEC67,0xEC67,0xEC47,
  0xEC67,0x9284,0x1040,0x1060,0x1040,0x9C8F,0xFFBC,0xF75B,0xFF7B,0xFF9B,0xFF9B,0xFF9B,0xFF9B,0xFF9B,0xFF9C,0xFF9C,
  0xFF9C,0xFF9C,0xFF9C,0xFF9C,0xFF9C,0xFF9B,0xFF7B,0xF75B,0xFFBC,0xC5F5,0x3123,0x1860,0x1040,0x5962,0xE427,0xEC67,
  0xEC67,0xEC67,0xEC67,0xEC67,0xEC67,0xEC47,0xEC47,0xEC47,0xEC47,0xEC27,0xEC27,0xF447,0xAAE4,0x48E1,0x4901,0x4901,
  0x40E0,0x0820,0x009D,0x0056,0x008B,0x1860,0x5121,0x4921,0x40E0,0x6182,0xCBE6,0xEC47,0xEC47,0xEC47,0xEC47,0xEC47,
  0xEC47,0xEC67,0xEC67,0xEC67,0xEC67,0xEC67,0xEC67,0xEC67,0xEC67,0xEC67,0xEC67,0xEC67,0xEC47,0xEC27,0xEC47,0xEC47,
  0xEC47,0xEC67,0xEC47,0xEC67,0xEC67,0xEC67,0xEC67,0xEC67,0xEC47,0xEC47,0xEC47,0xEC27,0xEC27,0xDBE6,0x4922,0x0841,
  0x0820,0x6AEA,0xFF9C,0xFF9C,0xFF9C,0xFF9C,0xFF9C,0xFF9C,0xFF9C,0xFF9C,0xFF9C,0xFF9C,0xFF9B,0xFF9B,0xFF9B,0xFF9B,
  0xFF9B,0xFF9B,0xFF9B,0xFF7B,0xF77B,0xFFBC,0xEF1A,0xA4F2,0x52A9,0x2944,0x2103,0x3185,0x62EB,0xA4F2,0x41C5,0x2040,
  0x2060,0x7203,0xEC87,0xEC47,0xEC47,0xEC47,0xEC27,0xEC47,0xEC47,0xEC47,0xEC67,0xEC67,0xEC47,0xEC47,0xEC47,0xEC47,
  0xDC06,0x5142,0x0840,0x0820,0x20E2,0xC5B4,0xFFDD,0xF77B,0xFF9C,0xFF9C,0xFF9C,0xFF9C,0xFF9C,0xFF9C,0xFF9C,0xFF9C,
  0xFF9C,0xFF9C,0xFF9C,0xFF9C,0xFF9C,0xF77B,0xFFBD,0xDE98,0x41A5,0x0820,0x1061,0x2880,0xBB65,0xEC87,0xEC47,0xEC67,
  0xEC67,0xEC67,0xEC67,0xEC67,0xEC67,0xEC67,0xEC67,0xEC47,0xEC47,0xEC47,0xF447,0x9A84,0x40E1,0x48E1,0x48E0,0x38C0,
  0x009E,0x0056,0x008B,0x0820,0x4901,0x4901,0x4901,0x38E0,0x7A23,0xEC47,0xEC47,0xEC47,0xEC47,0xEC47,0xEC47,0xEC67,
  0xEC67,0xEC47,0xEC67,0xEC67,0xEC67,0xEC67,0xEC67,0xEC67,0xEC47,0xEC47,0xEC47,0xEC27,0xEC47,0xEC47,0xEC47,0xEC67,
  0xEC67,0xEC67,0xEC47,0xEC47,0xEC47,0xEC47,0xEC47,0xEC47,0xEC27,0xEC27,0xEC27,0xEC47,0x8A44,0x1040,0x1060,0x3123,
  0xD657,0xFFDD,0xFF9C,0xFF9C,0xFF9C,0xFF9C,0xFF9C,0xFF9C,0xFF9C,0xFF9C,0xFF9B,0xFF9B,0xFF9B,0xFF9B,0xFF9B,0xFF9B,
  0xFF9B,0xFF9B,0xFF9B,0xF77B,0xFF9B,0xFFDC,0xF77B,0xDED9,0xD698,0xE6DA,0xFFBD,0x9C91,0x1860,0x2080,0x30A0,0xBB86,
  0xF487,0xEC27,0xEC27,0xEC27,0xEC27,0xEC27,0xEC47,0xEC47,0xEC47,0xEC47,0xEC47,0xEC47,0xEC47,0xEC47,0xF467,0xBB25,
  0x2880,0x1060,0x1040,0x3944,0xC5F5,0xFFFE,0xF79C,0xF79C,0xFF9C,0xFF9C,0xFF9C,0xFF9B,0xFF9C,0xFF9C,0xFF9C,0xFF9C,
  0xFFBC,0xFF9C,0xFF9D,0xFFFE,0xDEB9,0x5268,0x1040,0x1061,0x1040,0x92A4,0xEC67,0xEC27,0xEC47,0xEC67,0xEC67,0xEC67,
  0xEC67,0xF467,0xEC67,0xEC67,0xF467,0xEC67,0xEC67,0xEC47,0xEC27,0x79E3,0x40E0,0x4901,0x48E1,0x30A0,0x009F,0x0057,
  0x008A,0x30C0,0x4901,0x4901,0x40E0,0x5141,0xD3C6,0xEC47,0xEC47,0xEC47,0xEC47,0xEC47,0xEC47,0xEC47,0xEC67,0xEC67,
  0xEC67,0xEC67,0xEC67,0xEC67,0xEC67,0xEC47,0xEC47,0xEC47,0xEC47,0xEC47,0xEC47,0xEC47,0xEC47,0xEC67,0xEC67,0xEC67,
  0xEC47,0xEC47,0xEC47,0xEC47,0xEC47,0xEC27,0xEC27,0xEC07,0xF427,0xCB85,0x30A1,0x1880,0x1860,0x83AC,0xFFDD,0xF79D,
  0xFF9D,0xFF9C,0xFF9C,0xFF9C,0xFF9C,0xFF9B,0xFF9B,0xFF9B,0xFF9B,0xFF9B,0xFF9B,0xFF9B,0xFF9B,0xFF9B,0xFF9B,0xFF9B,
  0xFF9B,0xFF9B,0xF77B,0xFF9C,0xFFBC,0xFFBD,0xFFBE,0xDED9,0x39A5,0x1040,0x1060,0x5982,0xE447,0xEC47,0xEC27,0xEC27,
  0xEC27,0xEC27,0xEC47,0xEC47,0xEC47,0xEC47,0xEC47,0xEC47,0xEC67,0xEC47,0xEC47,0xEC47,0xF467,0x9A84,0x2060,0x2081,
  0x1840,0x3123,0xAD32,0xFFDD,0xFFDE,0xF79D,0xF77C,0xF77B,0xF77B,0xFF7B,0xFF9B,0xFF9C,0xFF9C,0xF79D,0xFFDE,0xFFDD,
  0xB594,0x41C5,0x1860,0x1881,0x1040,0x7A23,0xE447,0xEC27,0xEC47,0xEC47,0xEC47,0xEC67,0xEC67,0xEC67,0xEC67,0xEC67,
  0xEC67,0xEC67,0xEC67,0xEC67,0xEC68,0xEC27,0x71C2,0x40E0,0x4901,0x4901,0x2880,0x00A0,0x0057,0x008A,0x1860,0x4901,
  0x4901,0x4901,0x4901,0xC385,0xF467,0xEC47,0xEC47,0xEC47,0xEC47,0xEC47,0xEC47,0xEC67,0xF467,0xEC87,0xEC67,0xEC67,
  0xEC47,0xEC47,0xEC47,0xEC47,0xEC47,0xEC47,0xEC47,0xEC67,0xEC67,0xEC47,0xEC67,0xEC67,0xEC67,0xEC47,0xEC47,0xEC47,
  0xEC47,0xEC47,0xEC27,0xEC27,0xEC27,0xEC27,0xEC27,0x79E3,0x1860,0x20A1,0x3943,0xD657,0xFFFE,0xFF9C,0xFFBC,0xFF9C,
  0xFF9B,0xFF9B,0xFF9B,0xFF9B,0xFF9B,0xFF9B,0xFF9B,0xFF9B,0xFF9B,0xFF9B,0xFF9B,0xFF9B,0xFF9B,0xFF9C,0xFF9C,0xFF9C,
  0xFF9C,0xFF9C,0xF77B,0xFFBC,0x8C0E,0x1040,0x1061,0x1840,0xAB05,0xEC67,0xEC27,0xEC27,0xEC27,0xEC27,0xEC27,0xEC27,
  0xEC47,0xEC47,0xEC67,0xEC47,0xEC47,0xEC47,0xEC47,0xEC47,0xEC47,0xEC67,0xEC68,0x8A43,0x2060,0x20A1,0x2080,0x20A1,
  0x734B,0xD657,0xF79C,0xFFDD,0xFFBC,0xFF9C,0xFF9B,0xFF9C,0xFFBC,0xFFFE,0xFFFE,0xD6B9,0x7B8C,0x28E2,0x2080,0x20A1,
  0x1860,0x7A03,0xE447,0xEC47,0xEC27,0xEC27,0xEC47,0xEC47,0xEC47,0xEC47,0xEC67,0xEC67,0xEC67,0xEC67,0xEC67,0xEC67,
  0xEC68,0xF488,0xCB86,0x5941,0x5121,0x5121,0x5121,0x2880,0x00A1,0x0058,0x0089,0x38C0,0x4921,0x4901,0x4101,0xBB45,
  0xF467,0xEC47,0xEC47,0xEC47,0xEC47,0xEC67,0xEC47,0xEC67,0xEC67,0xEC87,0xEC87,0xEC67,0xEC47,0xEC47,0xEC47,0xEC47,
  0xEC47,0xEC47,0xEC47,0xEC67,0xEC67,0xEC67,0xEC67,0xEC67,0xEC67,0xEC47,0xEC47,0xEC47,0xEC47,0xEC47,0xEC27,0xEC27,
  0xEC27,0xEC27,0xEC47,0xCB86,0x38E1,0x20A1,0x2080,0x6AEA,0xF77C,0xFFBD,0xFF9C,0xFF9C,0xFF9B,0xFF9B,0xFF9B,0xFF9B,
  0xFF9B,0xFF9B,0xFF9B,0xFF9B,0xFF9B,0xFF9B,0xFF9B,0xFF9B,0xFF9B,0xFF9C,0xFF9C,0xFF9C,0xFF9C,0xF77C,0xFFDD,0xC5F5,
  0x2903,0x1040,0x0820,0x5962,0xE427,0xEC47,0xEC27,0xEC27,0xEC27,0xEC27,0xEC27,0xEC47,0xEC47,0xEC47,0xEC67,0xEC67,
  0xEC47,0xEC47,0xEC47,0xEC47,0xEC47,0xEC67,0xEC88,0xEC68,0x9264,0x30A0,0x20A1,0x28A1,0x1840,0x3102,0x62C9,0xA4D1,
  0xD677,0xE71A,0xEF3A,0xEF1A,0xD677,0xAD12,0x7B6C,0x3964,0x2060,0x28A0,0x2081,0x30A0,0x8A44,0xE427,0xEC67,0xEC47,
  0xEC27,0xEC27,0xEC27,0xEC47,0xEC47,0xEC47,0xEC47,0xEC47,0xEC47,0xEC47,0xEC67,0xEC67,0xEC67,0xF488,0xA2A4,0x4901,
  0x5141,0x5121,0x4921,0x1040,0x00A2,0x0058,0x0088,0x28A0,0x4921,0x4901,0x4101,0xB345,0xF467,0xEC47,0xEC47,0xEC47,
  0xEC67,0xEC67,0xEC67,0xEC67,0xEC67,0xEC67,0xEC67,0xEC47,0xEC47,0xEC47,0xEC47,0xEC47,0xEC47,0xEC47,0xEC47,0xEC47,
  0xEC67,0xEC67,0xEC67,0xEC67,0xEC67,0xEC47,0xEC47,0xEC47,0xEC47,0xEC47,0xEC47,0xEC47,0xEC47,0xEC47,0xEC47,0xF467,
  0x9264,0x2060,0x20A1,0x2081,0x9C6F,0xFFDD,0xF79C,0xFF7B,0xFF7B,0xFF7B,0xFF9B,0xFF9B,0xFF9B,0xFF9B,0xFF9B,0xFF9B,
  0xFF9C,0xFF9C,0xFF9B,0xFF9B,0xFF9B,0xFF9B,0xFF9C,0xFF9C,0xF79C,0xFFDE,0xE6FA,0x4A27,0x1040,0x1861,0x2880,0xBB45,
  0xEC47,0xEC27,0xEC47,0xEC47,0xEC47,0xEC47,0xEC47,0xEC47,0xEC47,0xEC67,0xEC47,0xEC47,0xEC47,0xEC47,0xEC47,0xEC47,
  0xEC47,0xEC67,0xEC67,0xEC88,0xEC67,0xAB05,0x4901,0x2080,0x20A1,0x2080,0x1020,0x1840,0x3123,0x41C6,0x4A06,0x49E6,
  0x3944,0x2081,0x1840,0x2060,0x2881,0x2880,0x5121,0xB325,0xEC67,0xEC67,0xEC47,0xEC47,0xEC27,0xEC27,0xEC27,0xEC27,
  0xEC47,0xEC47,0xEC47,0xEC47,0xEC47,0xEC47,0xEC47,0xEC47,0xEC47,0xF467,0x9264,0x4901,0x5941,0x5921,0x40E1,0x00A3,
  0x0058,0x0088,0x2060,0x4901,0x4101,0x4921,0xC385,0xF467,0xEC47,0xEC67,0xEC67,0xEC67,0xEC67,0xEC67,0xEC67,0xEC67,
  0xEC67,0xEC67,0xEC47,0xEC47,0xEC47,0xEC47,0xEC47,0xEC67,0xEC67,0xEC67,0xEC47,0xEC47,0xEC47,0xEC47,0xEC67,0xEC67,
  0xEC67,0xEC47,0xEC47,0xEC47,0xEC47,0xEC47,0xEC47,0xEC47,0xEC47,0xEC47,0xEC67,0xE427,0x5962,0x1840,0x1860,0x20C2,
  0xAD12,0xFFDC,0xFF7B,0xFF7B,0xFF9B,0xFF7B,0xFF9B,0xFF9B,0xFF9C,0xFF9C,0xFF9C,0xFF9C,0xFF9C,0xFF9C,0xFF9B,0xFF9B,
  0xFF7B,0xFF7B,0xF77C,0xFFBD,0xEF1A,0x62C9,0x1860,0x20A1,0x1840,0x9284,0xEC67,0xEC27,0xEC47,0xEC47,0xEC47,0xEC47,
  0xEC47,0xEC47,0xEC47,0xEC47,0xEC47,0xEC67,0xEC47,0xEC47,0xEC47,0xEC47,0xEC47,0xEC47,0xEC47,0xEC67,0xEC47,0xEC67,
  0xF487,0xD3C6,0x7A03,0x30A0,0x1860,0x1860,0x1060,0x0820,0x0800,0x0800,0x1020,0x1040,0x1860,0x2080,0x3080,0x5121,
  0x8A63,0xD3E6,0xF487,0xEC67,0xEC47,0xEC47,0xEC27,0xEC27,0xEC27,0xEC27,0xEC27,0xEC47,0xEC47,0xEC47,0xEC47,0xEC47,
  0xEC47,0xEC47,0xEC47,0xEC47,0xE407,0x79E3,0x4901,0x5121,0x5121,0x2880,0x00A4,0x0058,0x0088,0x2060,0x4900,0x4101,
  0x4901,0xC365,0xF467,0xEC47,0xEC67,0xEC67,0xEC47,0xEC67,0xEC67,0xEC67,0xEC47,0xEC47,0xEC47,0xEC47,0xEC47,0xEC47,
  0xEC47,0xEC47,0xEC67,0xEC67,0xEC67,0xEC67,0xEC67,0xEC47,0xEC47,0xEC67,0xEC67,0xEC67,0xEC67,0xEC47,0xEC47,0xEC47,
  0xEC47,0xEC47,0xEC47,0xEC47,0xEC47,0xEC47,0xF467,0xC386,0x30A1,0x1040,0x1040,0x20E2,0xAD12,0xFFBC,0xFF9B,0xF77B,
  0xFF7B,0xFF9B,0xFF9C,0xFF9C,0xFF9C,0xFFBC,0xFF9C,0xFF9C,0xFF9C,0xFF9B,0xFF7B,0xF77B,0xF77B,0xFFBC,0xE6D9,0x5A89,
  0x1840,0x20A1,0x1860,0x71C3,0xE447,0xEC67,0xEC47,0xEC47,0xEC47,0xEC47,0xEC47,0xEC47,0xEC47,0xEC47,0xEC47,0xEC47,
  0xEC67,0xEC47,0xEC47,0xEC67,0xEC47,0xEC47,0xEC47,0xEC47,0xEC47,0xEC47,0xEC47,0xEC47,0xF467,0xEC47,0xC366,0x8A44,
  0x5162,0x28A0,0x1860,0x2060,0x2080,0x2080,0x30A1,0x5121,0x69A2,0xA2A4,0xD3E6,0xEC67,0xEC67,0xEC47,0xEC47,0xEC47,
  0xEC27,0xEC27,0xEC27,0xEC27,0xEC27,0xEC47,0xEC47,0xEC47,0xEC67,0xEC47,0xEC47,0xEC47,0xEC47,0xEC27,0xEC47,0xB325,
  0x5101,0x4901,0x5121,0x5121,0x1840,0x00A5,0x0058,0x0088,0x30A0,0x4901,0x4901,0x4901,0x8A43,0xEC67,0xEC67,0xEC67,
  0xEC67,0xEC47,0xEC47,0xEC47,0xEC47,0xEC47,0xEC47,0xEC47,0xEC47,0xEC47,0xEC47,0xEC47,0xEC67,0xEC67,0xEC67,0xEC67,
  0xEC67,0xEC67,0xEC67,0xEC67,0xEC67,0xEC67,0xEC67,0xEC67,0xEC47,0xEC47,0xEC47,0xEC47,0xEC67,0xEC47,0xEC47,0xEC67,
  0xEC47,0xEC47,0xEC67,0xA2C4,0x2040,0x0840,0x1020,0x20A2,0x944F,0xF77B,0xFFDC,0xFF9B,0xFF7B,0xFF9C,0xFF9C,0xFFBC,
  0xFFBC,0xFFBC,0xFF9C,0xFF9C,0xF77B,0xF77B,0xFF9C,0xFF9C,0xC5D5,0x49E6,0x1020,0x1881,0x1840,0x6182,0xDC07,0xEC67,
  0xEC47,0xEC47,0xEC47,0xEC47,0xEC47,0xEC47,0xEC67,0xEC67,0xEC47,0xEC47,0xEC67,0xEC67,0xEC67,0xEC67,0xEC67,0xEC67,
  0xEC67,0xEC47,0xEC47,0xEC47,0xEC47,0xEC47,0xEC47,0xEC27,0xEC27,0xEC47,0xEC47,0xDBE6,0xBB45,0xAB05,0xAAE5,0xAB05,
  0xB325,0xBB45,0xDBE6,0xEC47,0xF467,0xF467,0xEC47,0xEC47,0xEC47,0xEC47,0xEC27,0xEC27,0xEC27,0xEC27,0xEC27,0xEC47,
  0xEC47,0xEC67,0xEC67,0xEC67,0xEC67,0xEC67,0xEC67,0xEC47,0xEC47,0xE407,0x71C2,0x40C0,0x4901,0x5101,0x4901,0x0820,
  0x00A6,0x0058,0x0087,0x30A0,0x5121,0x5121,0x5141,0x5941,0xCBA6,0xEC88,0xEC47,0xEC67,0xEC47,0xEC47,0xEC47,0xEC47,
  0xEC47,0xEC47,0xEC47,0xEC47,0xEC47,0xEC47,0xEC67,0xEC67,0xEC67,0xEC67,0xEC67,0xEC67,0xEC67,0xEC67,0xEC67,0xEC67,
  0xEC67,0xEC67,0xEC67,0xEC47,0xEC47,0xEC47,0xEC67,0xEC67,0xEC67,0xEC67,0xEC47,0xEC47,0xEC47,0xEC27,0xEC27,0x9264,
  0x1840,0x0820,0x0840,0x1040,0x62C9,0xCE15,0xFFBC,0xFFFD,0xFFDD,0xFFBD,0xFF9D,0xF79D,0xF79D,0xFF9D,0xFFBD,0xFFDD,
  0xFFBD,0xDEB9,0x8C0E,0x20E2,0x0820,0x1061,0x1020,0x5962,0xD3E6,0xEC67,0xEC27,0xEC47,0xEC47,0xEC47,0xEC47,0xEC47,
  0xEC47,0xEC67,0xEC47,0xEC67,0xEC67,0xEC67,0xEC67,0xEC67,0xEC67,0xEC67,0xEC67,0xEC67,0xEC47,0xEC47,0xEC27,0xEC27,
  0xEC27,0xEC27,0xEC27,0xEC27,0xEC07,0xEC06,0xEC27,0xEC47,0xF467,0xF467,0xF467,0xF467,0xF467,0xF467,0xEC47,0xEC47,
  0xEC47,0xEC47,0xEC47,0xEC47,0xEC47,0xEC27,0xEC27,0xEC27,0xEC27,0xEC47,0xEC47,0xEC67,0xEC67,0xEC67,0xEC67,0xEC67,
  0xEC67,0xEC67,0xEC47,0xF467,0xB305,0x40E1,0x40E1,0x40E0,0x4901,0x30C0,0x00A7,0x0058,0x0087,0x1840,0x5121,0x5121,
  0x5961,0x5121,0xAAE4,0xF4A8,0xEC47,0xEC47,0xEC47,0xEC47,0xEC47,0xEC27,0xEC27,0xEC27,0xEC47,0xEC47,0xEC47,0xEC47,
  0xEC67,0xEC67,0xEC67,0xEC67,0xEC67,0xEC67,0xEC67,0xEC67,0xEC67,0xEC47,0xEC67,0xEC67,0xEC67,0xEC67,0xEC47,0xEC47,
  0xEC67,0xEC67,0xEC67,0xEC67,0xEC47,0xEC47,0xEC47,0xEC27,0xEC27,0xEC27,0x9AA4,0x2880,0x0820,0x1860,0x1040,0x2902,
  0x732A,0xBD94,0xE6F9,0xF77C,0xFFBD,0xFFDE,0xFFDD,0xF79D,0xEF3B,0xC616,0x8BEE,0x41A5,0x1020,0x1040,0x0841,0x1020,
  0x6182,0xD3C6,0xEC47,0xEC27,0xEC27,0xEC47,0xEC47,0xEC47,0xEC47,0xEC47,0xEC47,0xEC67,0xEC47,0xEC67,0xEC67,0xEC67,
  0xEC67,0xEC67,0xEC67,0xEC67,0xEC67,0xEC47,0xEC47,0xEC47,0xEC27,0xEC27,0xEC27,0xEC27,0xEC27,0xEC27,0xEC27,0xEC27,
  0xEC27,0xEC27,0xEC27,0xEC27,0xEC47,0xEC47,0xEC47,0xEC47,0xEC47,0xEC47,0xEC47,0xEC47,0xEC47,0xEC47,0xEC47,0xEC27,
  0xEC47,0xEC27,0xEC27,0xEC47,0xEC47,0xEC67,0xEC67,0xEC67,0xEC67,0xEC67,0xEC67,0xEC67,0xEC47,0xEC27,0x79E3,0x38C0,
  0x4900,0x40E0,0x4900,0x2060,0x00A8,0x0059,0x0086,0x40E1,0x5941,0x5941,0x5941,0x69A2,0xD3C6,0xEC67,0xEC47,0xEC47,
  0xEC47,0xEC27,0xEC27,0xEC27,0xEC27,0xEC47,0xEC47,0xEC47,0xEC47,0xEC47,0xEC67,0xEC67,0xEC67,0xEC67,0xEC67,0xEC67,
  0xEC67,0xEC67,0xEC47,0xEC47,0xEC67,0xEC67,0xEC67,0xEC67,0xEC47,0xEC67,0xEC67,0xEC67,0xEC67,0xEC47,0xEC47,0xEC47,
  0xEC47,0xEC27,0xEC47,0xEC47,0xBB45,0x4921,0x1840,0x1880,0x2080,0x1860,0x28C1,0x4185,0x5248,0x6B0A,0x7BAD,0x736C,
  0x5AA9,0x41E6,0x28E2,0x1840,0x1840,0x1860,0x1040,0x28A0,0x8A43,0xDBE6,0xEC26,0xEC06,0xEC27,0xEC27,0xEC47,0xEC47,
  0xEC47,0xEC47,0xEC47,0xEC47,0xEC47,0xEC67,0xEC47,0xEC47,0xEC67,0xEC67,0xEC67,0xEC67,0xEC67,0xEC67,0xEC47,0xEC47,
  0xEC47,0xEC47,0xEC47,0xEC47,0xEC27,0xEC47,0xEC47,0xEC47,0xEC47,0xEC47,0xEC47,0xEC47,0xEC47,0xEC47,0xEC47,0xEC47,
  0xEC47,0xEC47,0xEC27,0xEC47,0xEC47,0xEC47,0xEC47,0xEC47,0xEC47,0xEC47,0xEC47,0xEC47,0xEC47,0xEC47,0xEC47,0xEC47,
  0xEC47,0xEC47,0xEC47,0xEC47,0xEC47,0xEC47,0xDBE6,0x6162,0x40E0,0x40E0,0x40E0,0x40E0,0x0820,0x00A9,0x0059,0x0085,
  0x2060,0x5121,0x5941,0x5941,0x4901,0x7A03,0xEC47,0xEC47,0xEC47,0xEC27,0xEC27,0xEC27,0xEC27,0xEC47,0xEC47,0xEC47,
  0xEC47,0xEC47,0xEC47,0xEC47,0xEC67,0xEC67,0xEC67,0xEC67,0xEC67,0xEC67,0xEC67,0xEC67,0xEC47,0xEC47,0xEC67,0xEC67,
  0xEC67,0xEC67,0xEC67,0xEC47,0xEC47,0xEC67,0xEC47,0xEC47,0xEC47,0xEC47,0xEC47,0xEC47,0xEC47,0xEC67,0xDBE7,0x8A44,
  0x40E1,0x2060,0x2080,0x2080,0x1860,0x1040,0x1020,0x0800,0x0820,0x0820,0x1040,0x1860,0x1860,0x1860,0x2880,0x69C3,
  0xC386,0xEC67,0xEC27,0xEC27,0xEC27,0xEC27,0xEC27,0xEC47,0xEC47,0xEC47,0xEC47,0xEC47,0xEC47,0xEC47,0xEC47,0xEC47,
  0xEC47,0xEC67,0xEC67,0xEC67,0xEC67,0xEC67,0xEC47,0xEC47,0xEC47,0xEC47,0xEC47,0xEC47,0xEC47,0xEC47,0xEC47,0xEC47,
  0xEC47,0xEC47,0xEC47,0xEC47,0xEC47,0xEC47,0xEC47,0xEC47,0xEC47,0xEC47,0xEC47,0xEC27,0xEC27,0xEC47,0xEC47,0xEC47,
  0xEC47,0xEC47,0xEC47,0xEC47,0xEC47,0xEC47,0xEC47,0xEC47,0xEC47,0xEC47,0xEC47,0xEC47,0xEC47,0xEC47,0xEC67,0xBB66,
  0x5121,0x40E1,0x40E0,0x40E0,0x2060,0x00AA,0x005A,0x0083,0x28A0,0x5121,0x5121,0x4921,0x5121,0xC365,0xF447,0xEC27,
  0xEC27,0xEC47,0xEC47,0xEC47,0xEC47,0xEC47,0xEC47,0xEC47,0xEC47,0xEC27,0xEC27,0xEC47,0xEC67,0xEC67,0xEC67,0xEC67,
  0xEC67,0xEC67,0xEC67,0xEC47,0xEC67,0xEC67,0xEC67,0xEC67,0xEC67,0xEC47,0xEC47,0xEC47,0xEC67,0xEC67,0xEC67,0xEC67,
  0xEC47,0xEC47,0xEC47,0xEC47,0xEC47,0xEC67,0xF487,0xD3C6,0x9264,0x6162,0x38C1,0x2080,0x1860,0x1040,0x1040,0x0820,
  0x1020,0x1040,0x2880,0x40E1,0x71E3,0xB345,0xEC67,0xEC87,0xEC47,0xEC47,0xEC47,0xEC47,0xEC47,0xEC47,0xEC47,0xEC47,
  0xEC47,0xEC27,0xEC47,0xEC47,0xEC47,0xEC47,0xEC47,0xEC67,0xEC67,0xEC67,0xEC67,0xEC67,0xEC67,0xEC67,0xEC47,0xEC47,
  0xEC47,0xEC67,0xEC47,0xEC67,0xEC47,0xEC47,0xEC47,0xEC47,0xEC47,0xEC47,0xEC47,0xEC47,0xEC47,0xEC47,0xEC47,0xEC47,
  0xEC47,0xEC47,0xEC47,0xEC27,0xEC27,0xEC47,0xEC47,0xEC47,0xEC67,0xEC47,0xEC47,0xEC67,0xEC67,0xEC67,0xEC67,0xEC47,
  0xEC47,0xEC47,0xEC47,0xEC47,0xEC27,0xEC47,0x8203,0x40C0,0x4901,0x4901,0x30A0,0x00AB,0x005B,0x0082,0x30C0,0x5121,
  0x4901,0x38E0,0x9A83,0xF447,0xEC27,0xEC47,0xEC47,0xEC47,0xEC47,0xEC47,0xEC47,0xEC47,0xEC47,0xEC47,0xEC27,0xEC27,
  0xEC27,0xEC67,0xEC67,0xEC67,0xEC67,0xEC67,0xEC67,0xEC67,0xEC67,0xEC67,0xEC67,0xEC67,0xEC47,0xEC47,0xEC47,0xEC47,
  0xEC47,0xEC47,0xEC47,0xEC67,0xEC67,0xEC67,0xEC67,0xEC67,0xEC67,0xEC47,0xEC47,0xEC47,0xF488,0xF488,0xE427,0xCB86,
  0x9A84,0x71C2,0x5942,0x5142,0x5962,0x69A3,0x8203,0xB325,0xD3C6,0xEC67,0xF488,0xEC67,0xEC47,0xEC47,0xEC47,0xEC47,
  0xEC47,0xEC47,0xEC47,0xEC47,0xEC27,0xEC27,0xEC27,0xEC47,0xEC47,0xEC47,0xEC47,0xEC67,0xEC67,0xEC67,0xEC67,0xEC67,
  0xEC67,0xEC67,0xEC67,0xEC47,0xEC47,0xEC47,0xEC67,0xEC67,0xEC67,0xEC67,0xEC67,0xEC67,0xEC47,0xEC47,0xEC47,0xEC47,
  0xEC47,0xEC47,0xEC47,0xEC47,0xEC47,0xEC47,0xEC47,0xEC47,0xEC47,0xEC47,0xEC47,0xEC47,0xEC67,0xEC67,0xEC67,0xEC67,
  0xEC67,0xEC67,0xF467,0xEC67,0xEC47,0xEC47,0xEC47,0xEC47,0xEC47,0xF467,0xC386,0x5121,0x40E0,0x40E0,0x48E0,0x1860,
  0x00AC,0x005B,0x0082,0x2080,0x4901,0x4101,0x38C0,0x9A84,0xF447,0xEC27,0xEC47,0xEC47,0xEC67,0xEC67,0xEC67,0xEC47,
  0xEC47,0xEC47,0xEC47,0xEC47,0xEC27,0xEC27,0xEC47,0xEC67,0xEC67,0xEC67,0xEC67,0xEC67,0xEC67,0xEC67,0xEC67,0xEC67,
  0xEC67,0xEC47,0xEC47,0xEC47,0xEC47,0xEC47,0xEC47,0xEC47,0xEC67,0xEC67,0xEC67,0xEC67,0xEC67,0xEC67,0xEC67,0xEC67,
  0xEC67,0xEC47,0xEC47,0xEC67,0xF467,0xF467,0xEC47,0xE407,0xE3E6,0xE406,0xEC27,0xEC47,0xF447,0xF447,0xEC47,0xEC47,
  0xEC47,0xEC67,0xEC47,0xEC47,0xEC47,0xEC47,0xEC47,0xEC47,0xEC27,0xEC27,0xEC27,0xEC27,0xEC47,0xEC47,0xEC47,0xEC67,
  0xEC67,0xEC67,0xEC67,0xEC67,0xEC67,0xEC67,0xEC67,0xEC67,0xEC47,0xEC47,0xEC67,0xEC67,0xEC67,0xEC67,0xEC67,0xEC67,
  0xEC67,0xEC67,0xEC67,0xEC47,0xEC47,0xEC47,0xEC47,0xEC47,0xEC47,0xEC47,0xEC47,0xEC27,0xEC47,0xEC47,0xEC47,0xEC47,
  0xEC67,0xEC67,0xEC67,0xEC67,0xEC67,0xEC67,0xEC67,0xEC67,0xEC67,0xEC67,0xEC67,0xEC47,0xEC47,0xF467,0xD3E7,0x6182,
  0x38C0,0x40E0,0x40E0,0x38C0,0x0800,0x00AD,0x005B,0x0081,0x2880,0x4901,0x4101,0x40E0,0x79E3,0xE406,0xEC47,0xEC47,
  0xEC67,0xEC67,0xEC67,0xEC67,0xEC47,0xEC47,0xEC47,0xEC47,0xEC47,0xEC27,0xEC27,0xEC27,0xEC47,0xEC67,0xEC67,0xEC67,
  0xEC67,0xEC67,0xEC67,0xEC67,0xEC67,0xEC67,0xEC47,0xEC47,0xEC47,0xEC47,0xEC47,0xEC47,0xEC47,0xEC67,0xEC67,0xEC67,
  0xEC67,0xF467,0xEC67,0xEC67,0xF467,0xEC67,0xEC67,0xEC47,0xEC47,0xEC27,0xEC27,0xEC27,0xEC27,0xEC27,0xEC27,0xEC07,
  0xEC07,0xEC27,0xEC27,0xEC47,0xEC47,0xEC47,0xEC67,0xEC67,0xEC67,0xEC47,0xEC47,0xEC47,0xEC47,0xEC27,0xEC27,0xEC27,
  0xEC27,0xEC47,0xEC47,0xEC47,0xEC67,0xEC67,0xEC67,0xEC67,0xEC67,0xEC67,0xEC67,0xEC67,0xEC67,0xEC67,0xEC67,0xEC67,
  0xEC67,0xEC67,0xF467,0xEC67,0xEC67,0xEC67,0xEC67,0xEC67,0xEC47,0xEC47,0xEC47,0xEC47,0xEC27,0xEC27,0xEC27,0xEC47,
  0xEC47,0xEC47,0xEC47,0xEC47,0xEC47,0xEC47,0xEC47,0xEC67,0xEC67,0xEC67,0xEC67,0xEC67,0xF467,0xF467,0xF467,0xEC67,
  0xEC67,0xEC67,0xEC68,0x8A64,0x30A0,0x38C0,0x38C0,0x40C0,0x2060,0x00AE,0x005B,0x0081,0x1040,0x4901,0x4100,0x4901,
  0x4901,0xAAC4,0xEC87,0xEC67,0xEC67,0xEC67,0xEC67,0xEC47,0xEC47,0xEC47,0xEC47,0xEC47,0xEC47,0xEC27,0xEC27,0xEC27,
  0xEC27,0xEC67,0xEC67,0xEC67,0xEC67,0xEC67,0xEC67,0xEC67,0xEC67,0xEC67,0xEC67,0xEC67,0xEC47,0xEC47,0xEC47,0xEC47,
  0xEC67,0xEC67,0xEC67,0xEC67,0xEC67,0xEC67,0xEC67,0xEC67,0xEC67,0xEC67,0xEC67,0xEC47,0xEC47,0xEC47,0xEC47,0xEC27,
  0xEC27,0xEC27,0xEC27,0xEC27,0xEC27,0xEC27,0xEC47,0xEC47,0xEC47,0xEC47,0xEC67,0xEC47,0xEC67,0xEC47,0xEC47,0xEC47,
  0xEC47,0xEC47,0xEC27,0xEC47,0xEC47,0xEC47,0xEC47,0xEC67,0xEC67,0xEC67,0xEC67,0xEC67,0xEC67,0xEC67,0xEC67,0xEC47,
  0xEC47,0xEC67,0xEC67,0xEC67,0xEC67,0xEC67,0xEC67,0xEC67,0xEC67,0xEC67,0xEC67,0xEC47,0xEC67,0xEC47,0xEC47,0xEC27,
  0xEC27,0xEC47,0xEC47,0xEC47,0xEC47,0xEC47,0xEC47,0xEC47,0xEC47,0xEC47,0xEC47,0xEC67,0xEC67,0xEC67,0xEC67,0xEC67,
  0xEC67,0xF467,0xF467,0xEC67,0xEC68,0xF488,0xD3E7,0x5941,0x38C0,0x38C0,0x38A0,0x38A0,0x0820,0x00AF,0x005C,0x007F,
  0x38C0,0x4901,0x5101,0x5121,0x5941,0xBB45,0xF487,0xEC67,0xEC67,0xEC47,0xEC47,0xEC47,0xEC47,0xEC47,0xEC47,0xEC47,
  0xEC47,0xEC47,0xEC27,0xEC27,0xEC47,0xEC67,0xEC67,0xEC67,0xEC67,0xEC67,0xEC67,0xEC67,0xF467,0xEC67,0xEC67,0xEC67,
  0xEC47,0xEC47,0xEC47,0xEC67,0xEC67,0xEC67,0xEC67,0xEC67,0xEC67,0xEC67,0xEC67,0xEC67,0xEC67,0xEC67,0xEC47,0xEC47,
  0xEC47,0xEC47,0xEC47,0xEC47,0xEC27,0xEC27,0xEC47,0xEC47,0xEC47,0xEC47,0xEC47,0xEC47,0xEC47,0xEC47,0xEC47,0xEC67,
  0xEC47,0xEC47,0xEC47,0xEC47,0xEC47,0xEC47,0xEC47,0xEC47,0xEC47,0xEC47,0xEC67,0xEC67,0xEC67,0xEC67,0xEC67,0xEC67,
  0xEC67,0xEC47,0xEC47,0xEC47,0xEC47,0xEC67,0xEC67,0xEC67,0xEC67,0xEC67,0xEC47,0xEC47,0xEC47,0xEC47,0xEC47,0xEC47,
  0xEC47,0xEC47,0xEC47,0xEC47,0xEC47,0xEC47,0xEC47,0xEC47,0xEC47,0xEC47,0xEC47,0xEC47,0xEC47,0xEC47,0xEC67,0xEC67,
  0xEC67,0xEC67,0xEC67,0xEC67,0xF467,0xF467,0xEC68,0xEC68,0xF488,0xBB25,0x4901,0x4901,0x40E0,0x40E0,0x2880,0x00B0,
  0x005C,0x007F,0x2060,0x5101,0x5121,0x5941,0x5121,0x71A2,0xDC06,0xEC67,0xEC47,0xEC47,0xEC47,0xEC47,0xEC47,0xEC27,
  0xEC27,0xEC47,0xEC47,0xEC47,0xEC47,0xEC47,0xEC67,0xEC67,0xEC67,0xEC67,0xEC67,0xEC67,0xEC67,0xEC67,0xF467,0xEC67,
  0xEC67,0xEC67,0xEC67,0xEC47,0xEC47,0xEC67,0xEC67,0xEC67,0xEC67,0xEC67,0xEC67,0xEC67,0xEC67,0xEC67,0xEC67,0xEC47,
  0xEC47,0xEC67,0xEC67,0xEC47,0xEC47,0xEC47,0xEC47,0xEC47,0xEC47,0xEC47,0xEC47,0xEC47,0xEC47,0xEC47,0xEC47,0xEC47,
  0xEC47,0xEC67,0xEC47,0xEC47,0xEC47,0xEC47,0xEC47,0xEC47,0xEC47,0xEC47,0xEC47,0xEC67,0xEC67,0xEC67,0xEC67,0xEC67,
  0xEC67,0xEC67,0xEC67,0xEC47,0xEC47,0xEC47,0xEC47,0xEC47,0xEC67,0xEC67,0xEC67,0xEC47,0xEC47,0xEC67,0xEC67,0xEC47,
  0xEC47,0xEC47,0xEC67,0xEC67,0xEC67,0xEC47,0xEC47,0xEC47,0xEC47,0xEC47,0xEC47,0xEC47,0xEC27,0xEC47,0xEC47,0xEC47,
  0xEC47,0xEC47,0xEC47,0xEC67,0xEC67,0xEC67,0xEC67,0xEC67,0xEC67,0xEC68,0xF488,0x9A64,0x5121,0x5121,0x4921,0x4901,
  0x0820,0x00B1,0x005D,0x007D,0x38C0,0x5921,0x5941,0x5941,0x5941,0xCB85,0xF467,0xEC47,0xEC47,0xEC47,0xEC47,0xEC47,
  0xEC47,0xEC47,0xEC47,0xEC47,0xEC47,0xEC47,0xEC67,0xEC67,0xEC67,0xEC67,0xEC67,0xEC67,0xEC67,0xEC67,0xEC67,0xEC67,
  0xEC67,0xEC67,0xEC67,0xEC67,0xEC67,0xEC47,0xEC67,0xEC67,0xEC67,0xEC67,0xEC67,0xEC67,0xEC67,0xEC67,0xEC67,0xEC47,
  0xEC47,0xEC47,0xEC47,0xEC67,0xEC67,0xEC47,0xEC47,0xEC47,0xEC47,0xEC47,0xEC47,0xEC47,0xEC47,0xEC47,0xEC47,0xEC47,
  0xEC47,0xEC47,0xEC47,0xEC47,0xEC47,0xEC67,0xEC67,0xEC67,0xEC67,0xEC67,0xEC67,0xEC67,0xEC67,0xEC67,0xEC67,0xEC47,
  0xEC47,0xEC47,0xEC47,0xEC47,0xEC47,0xEC47,0xEC47,0xEC47,0xEC47,0xEC67,0xEC67,0xEC67,0xEC47,0xEC47,0xEC47,0xEC67,
  0xEC67,0xEC67,0xEC67,0xEC67,0xEC67,0xEC67,0xEC47,0xEC47,0xEC67,0xEC47,0xEC47,0xEC27,0xEC27,0xEC07,0xEC27,0xEC47,
  0xEC47,0xEC47,0xEC47,0xEC47,0xEC67,0xEC67,0xEC67,0xEC47,0xEC47,0xEC47,0xEC47,0xA2C4,0x5941,0x5941,0x5121,0x5121,
  0x2880,0x00B2,0x005D,0x007D,0x1840,0x5921,0x5921,0x5921,0x5121,0x8A43,0xE427,0xEC47,0xEC47,0xEC47,0xEC47,0xEC47,
  0xEC47,0xEC47,0xEC47,0xEC47,0xEC47,0xEC47,0xEC67,0xEC67,0xEC67,0xEC67,0xEC67,0xEC67,0xEC67,0xEC67,0xEC67,0xEC67,
  0xEC67,0xEC67,0xEC67,0xEC67,0xEC67,0xEC67,0xEC67,0xEC67,0xEC67,0xEC67,0xEC67,0xEC67,0xEC67,0xEC67,0xEC67,0xEC67,
  0xEC47,0xEC47,0xEC47,0xEC67,0xEC47,0xEC47,0xEC47,0xEC47,0xEC67,0xEC67,0xEC67,0xEC67,0xEC67,0xEC67,0xEC47,0xEC47,
  0xEC47,0xEC47,0xEC47,0xEC47,0xEC67,0xEC67,0xEC67,0xEC67,0xEC67,0xEC67,0xEC67,0xEC67,0xEC67,0xEC67,0xEC47,0xEC27,
  0xEC27,0xEC27,0xEC47,0xEC47,0xEC47,0xEC47,0xEC47,0xEC47,0xEC47,0xEC47,0xEC47,0xEC47,0xEC47,0xEC27,0xEC47,0xEC67,
  0xEC67,0xEC67,0xEC67,0xEC67,0xEC67,0xEC67,0xEC67,0xEC67,0xEC67,0xEC67,0xEC47,0xEC27,0xEC07,0xEC07,0xEC27,0xEC47,
  0xEC47,0xEC47,0xEC47,0xEC47,0xEC67,0xEC47,0xEC47,0xEC47,0xEC47,0xEC67,0xA2A4,0x5101,0x5121,0x5941,0x5941,0x4901,
  0x0820,0x00B3,0x005E,0x007B,0x40C0,0x5121,0x5121,0x5121,0x4101,0x9AA4,0xEC47,0xEC27,0xEC47,0xEC47,0xEC47,0xEC47,
  0xEC47,0xEC47,0xEC47,0xEC47,0xEC47,0xEC67,0xEC47,0xEC67,0xEC47,0xEC47,0xEC67,0xEC67,0xEC67,0xEC67,0xEC67,0xEC67,
  0xEC67,0xEC67,0xEC67,0xEC67,0xEC67,0xEC67,0xEC67,0xEC67,0xEC67,0xEC67,0xEC67,0xEC67,0xEC67,0xEC67,0xEC67,0xEC67,
  0xEC67,0xEC67,0xEC67,0xEC67,0xEC47,0xEC47,0xEC67,0xEC67,0xEC67,0xEC67,0xEC67,0xEC67,0xEC67,0xEC47,0xEC47,0xEC47,
  0xEC47,0xEC47,0xEC47,0xEC67,0xEC47,0xEC67,0xEC67,0xEC67,0xEC67,0xEC67,0xEC67,0xEC67,0xEC47,0xEC47,0xEC27,0xEC27,
  0xEC27,0xEC47,0xEC47,0xEC47,0xEC47,0xEC47,0xEC47,0xEC47,0xEC47,0xEC47,0xEC47,0xEC27,0xEC27,0xEC47,0xEC67,0xEC67,
  0xEC67,0xEC67,0xEC67,0xEC67,0xEC67,0xEC67,0xEC67,0xEC67,0xEC67,0xEC47,0xEC27,0xEC27,0xEC27,0xEC47,0xEC47,0xEC47,
  0xEC47,0xEC47,0xEC47,0xEC47,0xEC47,0xEC47,0xEC47,0xE427,0x9A84,0x4901,0x4901,0x5121,0x5941,0x5121,0x1860,0x00B4,
  0x005E,0x007A,0x1040,0x4901,0x4901,0x4901,0x40E1,0x5121,0xB305,0xEC27,0xEC47,0xEC47,0xEC47,0xEC47,0xEC47,0xEC47,
  0xEC67,0xEC67,0xEC47,0xEC47,0xEC47,0xEC47,0xEC47,0xEC47,0xEC47,0xEC47,0xEC67,0xEC67,0xEC67,0xEC67,0xEC67,0xEC67,
  0xEC67,0xEC67,0xEC47,0xEC47,0xEC67,0xEC67,0xEC67,0xEC67,0xEC67,0xEC67,0xEC67,0xEC67,0xEC67,0xEC67,0xEC67,0xEC67,
  0xEC67,0xEC67,0xEC67,0xEC67,0xEC67,0xEC67,0xEC67,0xEC67,0xEC67,0xEC67,0xEC47,0xEC67,0xEC47,0xEC67,0xEC67,0xEC47,
  0xEC47,0xEC67,0xEC67,0xEC67,0xEC67,0xEC67,0xEC67,0xEC67,0xEC67,0xEC67,0xEC47,0xEC47,0xEC27,0xEC27,0xEC47,0xEC47,
  0xEC47,0xEC47,0xEC47,0xEC47,0xEC47,0xEC47,0xEC47,0xEC47,0xEC47,0xEC47,0xEC47,0xEC47,0xEC67,0xEC67,0xEC67,0xEC67,
  0xEC67,0xEC67,0xEC67,0xEC67,0xEC67,0xEC67,0xEC67,0xEC47,0xEC47,0xEC47,0xEC47,0xEC47,0xEC47,0xEC47,0xEC47,0xEC47,
  0xEC47,0xEC47,0xEC47,0xEC47,0xF467,0x9A84,0x40C0,0x4901,0x4901,0x4921,0x5121,0x2880,0x00B5,0x005F,0x0078,0x1860,
  0x4901,0x40E0,0x48E1,0x4101,0x5121,0x9263,0xE427,0xEC47,0xEC47,0xEC47,0xEC67,0xEC67,0xEC67,0xEC67,0xEC67,0xEC67,
  0xEC67,0xEC47,0xEC47,0xEC47,0xEC47,0xEC47,0xEC67,0xEC67,0xEC67,0xEC67,0xEC67,0xEC67,0xEC67,0xEC67,0xEC67,0xEC47,
  0xEC47,0xEC67,0xEC47,0xEC67,0xEC67,0xEC67,0xEC67,0xEC67,0xEC67,0xEC67,0xEC67,0xEC67,0xEC67,0xEC67,0xEC67,0xEC67,
  0xEC67,0xEC67,0xEC67,0xEC67,0xEC47,0xEC47,0xEC47,0xEC47,0xEC67,0xEC47,0xEC47,0xEC67,0xEC67,0xEC67,0xEC67,0xEC67,
  0xEC67,0xEC67,0xEC67,0xEC67,0xEC67,0xEC47,0xEC47,0xEC47,0xEC47,0xEC47,0xEC47,0xEC47,0xEC47,0xEC47,0xEC47,0xEC47,
  0xEC47,0xEC47,0xEC47,0xEC47,0xEC47,0xEC47,0xEC47,0xEC67,0xEC67,0xEC67,0xEC67,0xEC67,0xEC67,0xEC67,0xEC67,0xEC67,
  0xEC67,0xEC67,0xEC67,0xEC67,0xEC67,0xEC67,0xEC67,0xEC47,0xEC47,0xEC47,0xEC47,0xEC47,0xEC47,0xEC47,0xEC27,0xEC47,
  0xD3C6,0x5941,0x40E1,0x4901,0x4901,0x4901,0x38C0,0x00B6,0x0060,0x0077,0x3080,0x4901,0x40E1,0x4901,0x4901,0x40E1,
  0xA2C4,0xF487,0xEC67,0xEC67,0xF467,0xF467,0xEC67,0xEC67,0xEC67,0xEC67,0xEC67,0xEC47,0xEC47,0xEC47,0xEC47,0xEC47,
  0xEC47,0xEC47,0xEC67,0xEC67,0xEC67,0xEC67,0xEC67,0xEC67,0xEC47,0xEC47,0xEC47,0xEC47,0xEC47,0xEC67,0xEC67,0xEC67,
  0xEC67,0xEC67,0xEC67,0xEC67,0xEC67,0xEC67,0xEC67,0xEC67,0xEC67,0xEC67,0xEC67,0xEC67,0xEC47,0xEC47,0xEC47,0xEC47,
  0xEC67,0xEC67,0xEC67,0xEC67,0xEC67,0xEC67,0xEC67,0xEC67,0xEC67,0xEC67,0xEC67,0xEC67,0xEC67,0xEC47,0xEC47,0xEC47,
  0xEC47,0xEC47,0xEC47,0xEC47,0xEC47,0xEC47,0xEC47,0xEC47,0xEC47,0xEC47,0xEC47,0xEC47,0xEC47,0xEC47,0xEC47,0xEC47,
  0xEC47,0xEC47,0xEC67,0xEC67,0xEC67,0xEC67,0xEC67,0xEC67,0xEC67,0xEC67,0xEC67,0xEC67,0xEC67,0xF467,0xF467,0xF467,
  0xEC67,0xEC67,0xEC67,0xEC47,0xEC47,0xEC47,0xEC47,0xEC27,0xEC27,0xEC47,0x8A64,0x40C0,0x4900,0x48E1,0x4901,0x40E0,
  0x0820,0x00B7,0x0060,0x0076,0x0820,0x40C0,0x48E0,0x4901,0x5121,0x4901,0x79E2,0xEC67,0xEC88,0xEC67,0xF467,0xEC67,
  0xEC67,0xEC67,0xEC67,0xEC67,0xEC67,0xEC67,0xEC47,0xEC47,0xEC47,0xEC47,0xEC47,0xEC47,0xEC47,0xEC47,0xEC67,0xEC67,
  0xEC67,0xEC67,0xEC47,0xEC47,0xEC47,0xEC47,0xEC47,0xEC67,0xEC67,0xEC67,0xEC67,0xEC67,0xEC67,0xEC67,0xEC67,0xEC67,
  0xEC67,0xEC67,0xEC67,0xEC67,0xEC67,0xEC47,0xEC47,0xEC47,0xEC67,0xEC47,0xEC47,0xEC47,0xEC67,0xEC67,0xEC67,0xEC67,
  0xEC67,0xEC67,0xEC67,0xEC67,0xEC67,0xEC67,0xEC67,0xEC47,0xEC47,0xEC47,0xEC47,0xEC47,0xEC47,0xEC47,0xEC47,0xEC47,
  0xEC47,0xEC47,0xEC47,0xEC47,0xEC47,0xEC47,0xEC47,0xEC47,0xEC47,0xEC47,0xEC47,0xEC47,0xEC47,0xEC67,0xEC67,0xEC67,
  0xEC47,0xEC67,0xEC67,0xEC67,0xEC67,0xEC67,0xEC67,0xEC67,0xEC67,0xEC67,0xEC67,0xEC67,0xEC67,0xEC67,0xEC67,0xEC67,
  0xEC47,0xEC27,0xEC67,0xAB05,0x4901,0x40E0,0x40E0,0x40E0,0x40E0,0x1040,0x00B8,0x0061,0x0074,0x1040,0x40E0,0x4901,
  0x5121,0x5121,0x6161,0xC366,0xF4A8,0xEC67,0xEC67,0xEC67,0xEC67,0xEC67,0xEC67,0xEC67,0xEC67,0xEC67,0xEC67,0xEC47,
  0xEC47,0xEC47,0xEC47,0xEC47,0xEC47,0xEC67,0xEC67,0xEC67,0xEC47,0xEC47,0xEC47,0xEC47,0xEC47,0xEC47,0xEC47,0xEC27,
  0xEC47,0xEC67,0xEC67,0xEC67,0xEC67,0xEC67,0xEC67,0xEC67,0xEC67,0xEC67,0xEC67,0xEC47,0xEC47,0xEC47,0xEC47,0xEC47,
  0xEC67,0xEC67,0xEC67,0xEC47,0xEC47,0xEC67,0xEC67,0xEC67,0xEC67,0xEC67,0xEC67,0xEC67,0xEC67,0xEC67,0xEC47,0xEC47,
  0xEC47,0xEC47,0xEC47,0xEC47,0xEC47,0xEC47,0xEC47,0xEC47,0xEC47,0xEC47,0xEC47,0xEC47,0xEC67,0xEC67,0xEC67,0xEC67,
  0xEC47,0xEC47,0xEC47,0xEC47,0xEC47,0xEC47,0xEC47,0xEC47,0xEC47,0xEC47,0xEC67,0xEC47,0xEC47,0xEC67,0xEC67,0xEC67,
  0xEC67,0xEC67,0xEC67,0xEC67,0xEC67,0xEC67,0xEC67,0xEC67,0xEC47,0xEC47,0xA2E4,0x4901,0x38C0,0x40E0,0x40C0,0x4900,
  0x2880,0x00B9,0x0062,0x0072,0x1840,0x4900,0x5121,0x5121,0x5121,0x6962,0xC386,0xF4A8,0xEC87,0xEC67,0xEC67,0xEC67,
  0xEC67,0xEC67,0xEC67,0xEC67,0xEC67,0xEC47,0xEC47,0xEC47,0xEC47,0xEC47,0xEC67,0xEC67,0xEC67,0xEC47,0xEC27,0xEC27,
  0xEC27,0xEC47,0xEC47,0xEC47,0xEC27,0xEC06,0xEC27,0xEC47,0xEC67,0xEC67,0xEC67,0xEC67,0xEC67,0xEC67,0xEC67,0xEC67,
  0xEC67,0xEC47,0xEC47,0xEC47,0xEC47,0xEC47,0xEC47,0xEC47,0xEC47,0xEC47,0xEC47,0xEC67,0xEC67,0xEC67,0xEC67,0xEC67,
  0xEC67,0xEC67,0xEC67,0xEC67,0xEC47,0xEC47,0xEC47,0xEC47,0xEC47,0xEC47,0xEC47,0xEC47,0xEC47,0xEC47,0xEC67,0xEC67,
  0xEC67,0xEC67,0xEC67,0xEC67,0xEC67,0xEC67,0xEC47,0xEC47,0xEC47,0xEC47,0xEC27,0xEC27,0xEC27,0xEC27,0xEC47,0xEC47,
  0xEC47,0xEC47,0xEC47,0xEC67,0xEC67,0xEC67,0xEC67,0xEC67,0xEC67,0xEC67,0xEC67,0xEC68,0xEC68,0xEC68,0xF488,0xAAC4,
  0x48E1,0x40E0,0x40E0,0x40E0,0x40E0,0x30A0,0x00BA,0x0063,0x0070,0x2880,0x5101,0x5121,0x5121,0x4901,0x5921,0x9AA4,
  0xE447,0xEC67,0xEC67,0xEC67,0xEC67,0xEC67,0xEC67,0xEC67,0xEC67,0xEC47,0xEC47,0xEC47,0xEC47,0xEC47,0xEC47,0xEC67,
  0xEC67,0xEC47,0xEC27,0xEC27,0xEC27,0xEC47,0xEC47,0xEC47,0xEC27,0xEC06,0xEC06,0xEC06,0xEC27,0xEC67,0xEC67,0xEC67,
  0xEC67,0xEC67,0xEC67,0xEC67,0xEC47,0xEC47,0xEC47,0xEC47,0xEC47,0xEC27,0xEC27,0xEC27,0xEC27,0xEC47,0xEC47,0xEC67,
  0xEC67,0xEC67,0xEC67,0xEC67,0xEC67,0xEC67,0xEC67,0xEC47,0xEC47,0xEC27,0xEC27,0xEC27,0xEC47,0xEC47,0xEC47,0xEC47,
  0xEC47,0xEC47,0xEC47,0xEC67,0xEC67,0xEC67,0xEC67,0xEC67,0xEC47,0xEC47,0xEC67,0xEC47,0xEC47,0xEC47,0xEC47,0xEC47,
  0xEC27,0xEC47,0xEC47,0xEC67,0xEC47,0xEC47,0xEC67,0xEC47,0xEC47,0xEC47,0xEC47,0xEC47,0xEC67,0xEC67,0xEC67,0xEC68,
  0xEC88,0xEC88,0xBB45,0x5921,0x48E0,0x4900,0x40E0,0x40E0,0x1860,0x00BB,0x0063,0x006F,0x0820,0x48E0,0x5101,0x5101,
  0x5121,0x4901,0x40E1,0x8A23,0xE447,0xEC67,0xEC47,0xEC67,0xEC67,0xEC67,0xEC67,0xEC67,0xEC47,0xEC47,0xEC47,0xEC47,
  0xEC47,0xEC47,0xEC67,0xEC67,0xEC67,0xEC47,0xEC27,0xEC47,0xEC67,0xEC47,0xEC47,0xEC47,0xEC27,0xEC06,0xEC07,0xEC27,
  0xEC47,0xEC67,0xEC67,0xEC67,0xEC67,0xEC67,0xEC67,0xEC47,0xEC47,0xEC47,0xEC47,0xEC47,0xEC47,0xEC27,0xEC27,0xEC47,
  0xEC47,0xEC47,0xEC67,0xEC67,0xEC67,0xEC67,0xEC67,0xEC67,0xEC67,0xEC47,0xEC47,0xEC47,0xEC27,0xEC06,0xEC27,0xEC47,
  0xEC47,0xEC47,0xEC47,0xEC47,0xEC67,0xEC67,0xEC67,0xEC67,0xEC67,0xEC67,0xEC67,0xEC47,0xEC47,0xEC47,0xEC47,0xEC47,
  0xEC47,0xEC47,0xEC47,0xEC47,0xEC47,0xEC67,0xEC67,0xEC67,0xEC47,0xEC67,0xEC47,0xEC47,0xEC47,0xEC47,0xEC67,0xEC67,
  0xEC67,0xEC67,0xF487,0xD3E7,0x9264,0x5941,0x4901,0x4901,0x48E0,0x4901,0x2060,0x00BC,0x0064,0x006D,0x1840,0x5101,
  0x5101,0x4901,0x4901,0x4901,0x40E1,0x8A63,0xE427,0xEC47,0xEC47,0xEC47,0xEC47,0xEC67,0xEC47,0xEC47,0xEC47,0xEC47,
  0xEC47,0xEC47,0xEC47,0xEC67,0xEC67,0xEC67,0xEC67,0xEC67,0xEC67,0xEC67,0xEC67,0xEC47,0xEC47,0xEC47,0xEC47,0xEC27,
  0xEC47,0xEC47,0xEC67,0xEC47,0xEC47,0xEC67,0xEC67,0xEC47,0xEC47,0xEC47,0xEC47,0xEC47,0xEC47,0xEC47,0xEC47,0xEC47,
  0xEC47,0xEC47,0xEC47,0xEC47,0xEC67,0xEC67,0xEC67,0xEC47,0xEC67,0xEC47,0xEC47,0xEC47,0xEC27,0xEC06,0xEC07,0xEC27,
  0xEC47,0xEC47,0xEC47,0xEC47,0xEC67,0xEC67,0xEC67,0xEC67,0xEC67,0xEC67,0xEC67,0xEC67,0xEC47,0xEC47,0xEC47,0xEC47,
  0xEC47,0xEC47,0xEC47,0xEC47,0xEC47,0xEC67,0xEC67,0xEC67,0xEC67,0xEC67,0xEC67,0xEC67,0xEC67,0xEC47,0xEC67,0xEC47,
  0xEC47,0xEC47,0xF467,0xD3E6,0x71A2,0x48E1,0x4901,0x4901,0x48E1,0x4901,0x30A0,0x00BD,0x0065,0x006B,0x1840,0x40E0,
  0x4901,0x48E1,0x4901,0x4101,0x40E1,0xA2C4,0xEC67,0xEC47,0xEC47,0xEC67,0xEC67,0xEC67,0xEC47,0xEC67,0xEC47,0xEC67,
  0xEC67,0xEC67,0xEC67,0xEC67,0xEC67,0xEC67,0xEC67,0xEC67,0xEC67,0xEC67,0xEC67,0xEC47,0xEC47,0xEC47,0xEC47,0xEC47,
  0xEC47,0xEC47,0xEC47,0xEC47,0xEC47,0xEC47,0xEC47,0xEC47,0xEC47,0xEC47,0xEC47,0xEC47,0xEC47,0xEC47,0xEC47,0xEC47,
  0xEC47,0xEC47,0xEC47,0xEC47,0xEC67,0xEC47,0xEC47,0xEC67,0xEC47,0xEC67,0xEC47,0xEC47,0xEC27,0xEC47,0xEC47,0xEC47,
  0xEC47,0xEC47,0xEC67,0xEC67,0xEC67,0xEC67,0xEC67,0xEC67,0xEC67,0xEC47,0xEC47,0xEC47,0xEC47,0xEC47,0xEC47,0xEC47,
  0xEC67,0xEC67,0xEC67,0xEC47,0xEC47,0xEC67,0xEC67,0xEC67,0xEC67,0xEC67,0xEC67,0xEC67,0xEC67,0xEC47,0xEC47,0xEC47,
  0xEC47,0xD3C6,0x71C2,0x40E0,0x4901,0x4901,0x48E0,0x4901,0x30A0,0x00BE,0x0066,0x0069,0x1020,0x40E0,0x4901,0x40E1,
  0x4901,0x40E1,0x6182,0xD3E7,0xEC88,0xEC67,0xEC67,0xEC67,0xEC67,0xEC67,0xEC67,0xEC67,0xEC67,0xEC67,0xEC67,0xEC67,
  0xEC67,0xEC67,0xEC67,0xEC67,0xEC67,0xEC47,0xEC67,0xEC67,0xEC47,0xEC67,0xEC47,0xEC47,0xEC47,0xEC47,0xEC47,0xEC47,
  0xEC47,0xEC47,0xEC47,0xEC47,0xEC47,0xEC47,0xEC47,0xEC47,0xEC47,0xEC47,0xEC47,0xEC67,0xEC47,0xEC47,0xEC47,0xEC47,
  0xEC47,0xEC47,0xEC67,0xEC67,0xEC47,0xEC47,0xEC47,0xEC67,0xEC47,0xEC47,0xEC47,0xEC47,0xEC47,0xEC47,0xEC47,0xEC67,
  0xEC47,0xEC67,0xEC67,0xEC67,0xEC67,0xEC67,0xEC47,0xEC47,0xEC47,0xEC47,0xEC47,0xEC47,0xEC67,0xEC67,0xEC67,0xEC67,
  0xEC47,0xEC47,0xEC47,0xF467,0xF467,0xEC67,0xEC67,0xEC67,0xEC67,0xEC67,0xEC47,0xEC47,0xEC67,0xC385,0x6182,0x40C0,
  0x4901,0x40E0,0x40E0,0x48E0,0x2880,0x00BF,0x0067,0x0067,0x1040,0x40E1,0x4901,0x4100,0x4901,0x4901,0x79E3,0xC3A6,
  0xEC87,0xEC88,0xEC68,0xEC67,0xEC67,0xEC67,0xEC67,0xEC67,0xEC67,0xEC67,0xEC67,0xEC67,0xEC67,0xEC67,0xEC67,0xEC67,
  0xEC67,0xEC67,0xEC67,0xEC47,0xEC47,0xEC47,0xEC47,0xEC47,0xEC47,0xEC47,0xEC47,0xEC47,0xEC47,0xEC47,0xEC47,0xEC47,
  0xEC47,0xEC47,0xEC47,0xEC47,0xEC47,0xEC47,0xEC67,0xEC47,0xEC47,0xEC47,0xEC47,0xEC47,0xEC67,0xEC47,0xEC47,0xEC67,
  0xEC47,0xEC67,0xEC67,0xEC67,0xEC47,0xEC47,0xEC47,0xEC47,0xEC47,0xEC47,0xEC67,0xEC67,0xEC67,0xEC67,0xEC67,0xEC67,
  0xEC67,0xEC67,0xEC67,0xEC67,0xEC47,0xEC47,0xEC67,0xEC67,0xEC67,0xEC67,0xEC67,0xEC67,0xEC47,0xEC47,0xEC67,0xEC67,
  0xF467,0xF467,0xEC67,0xEC47,0xEC47,0xF467,0xEC47,0xB325,0x5941,0x40E0,0x4901,0x40E0,0x40E0,0x40E0,0x1860,0x00C0,
  0x0068,0x0065,0x0820,0x38C0,0x4901,0x4901,0x5121,0x5121,0x6162,0x9264,0xD3E6,0xF488,0xF488,0xEC68,0xEC67,0xEC67,
  0xEC67,0xEC67,0xEC67,0xEC67,0xEC67,0xEC67,0xEC47,0xEC47,0xEC67,0xEC67,0xEC67,0xEC67,0xEC47,0xEC47,0xEC47,0xEC47,
  0xEC67,0xEC47,0xEC47,0xEC47,0xEC47,0xEC47,0xEC47,0xEC47,0xEC47,0xEC27,0xEC27,0xEC27,0xEC27,0xEC27,0xEC47,0xEC47,
  0xEC67,0xEC47,0xEC47,0xEC47,0xEC67,0xEC67,0xEC47,0xEC67,0xEC67,0xEC67,0xEC67,0xEC67,0xEC67,0xEC67,0xEC47,0xEC67,
  0xEC67,0xEC67,0xEC67,0xEC67,0xEC67,0xEC67,0xEC67,0xEC67,0xEC67,0xEC67,0xEC67,0xEC67,0xEC67,0xEC67,0xEC67,0xEC67,
  0xEC67,0xEC67,0xEC67,0xEC47,0xEC47,0xEC47,0xEC47,0xEC47,0xEC67,0xF467,0xEC67,0xEC68,0xEC88,0xEC47,0xAAE5,0x71E3,
  0x5941,0x4901,0x5101,0x4901,0x4901,0x40E0,0x1040,0x00C1,0x0069,0x0063,0x0820,0x40E0,0x5121,0x5121,0x5941,0x5941,
  0x5121,0x69A2,0x9264,0xCBA6,0xF488,0xEC87,0xEC67,0xEC67,0xEC67,0xEC47,0xEC67,0xEC67,0xEC67,0xEC47,0xEC67,0xEC67,
  0xEC67,0xEC67,0xEC67,0xEC67,0xEC47,0xEC47,0xEC67,0xEC67,0xEC67,0xEC67,0xEC47,0xEC47,0xEC47,0xEC47,0xEC47,0xEC47,
  0xEC27,0xEC27,0xEC27,0xEC27,0xEC47,0xEC47,0xEC67,0xEC67,0xEC67,0xEC67,0xEC67,0xEC67,0xEC67,0xEC67,0xEC67,0xEC67,
  0xEC67,0xEC67,0xEC67,0xEC67,0xEC67,0xEC67,0xEC67,0xEC67,0xEC67,0xEC67,0xEC67,0xEC67,0xEC67,0xEC67,0xEC67,0xEC67,
  0xEC67,0xEC67,0xEC67,0xEC67,0xEC67,0xEC67,0xEC67,0xEC67,0xEC67,0xEC67,0xEC47,0xEC47,0xEC47,0xEC47,0xEC47,0xEC67,
  0xEC68,0xEC88,0xF4A8,0xDBE6,0x8223,0x38A0,0x38C0,0x5101,0x5101,0x5101,0x5101,0x38C0,0x0820,0x00C2,0x006A,0x0061,
  0x0820,0x40E1,0x5941,0x5941,0x5941,0x5941,0x5921,0x4901,0x5941,0xA2C4,0xEC47,0xEC67,0xEC47,0xEC47,0xEC47,0xEC47,
  0xEC47,0xEC47,0xEC67,0xEC67,0xEC67,0xEC67,0xEC67,0xEC67,0xEC67,0xEC67,0xEC67,0xEC67,0xEC67,0xEC67,0xEC67,0xEC67,
  0xEC47,0xEC47,0xEC47,0xEC47,0xEC47,0xEC27,0xEC27,0xEC27,0xEC47,0xEC47,0xEC67,0xEC67,0xEC67,0xEC67,0xEC67,0xEC67,
  0xEC67,0xEC67,0xEC67,0xEC67,0xEC67,0xEC67,0xEC67,0xEC67,0xEC67,0xEC67,0xEC67,0xEC67,0xEC67,0xEC67,0xEC67,0xEC67,
  0xEC67,0xEC67,0xEC67,0xEC67,0xEC67,0xEC67,0xEC67,0xEC67,0xEC67,0xEC67,0xEC67,0xEC87,0xEC67,0xEC67,0xEC67,0xEC47,
  0xEC47,0xEC47,0xEC47,0xEC47,0xEC68,0xF4C8,0xE447,0xA2C4,0x5941,0x3080,0x30A0,0x48E0,0x5101,0x5101,0x5101,0x30A0,
  0x0800,0x00C3,0x006C,0x005D,0x30A0,0x5921,0x5941,0x5941,0x5941,0x5141,0x4901,0x4901,0x8223,0xDC06,0xF467,0xEC47,
  0xEC47,0xEC47,0xEC47,0xEC47,0xEC67,0xEC67,0xEC67,0xEC67,0xEC67,0xEC67,0xEC67,0xEC67,0xEC67,0xEC67,0xEC67,0xEC67,
  0xEC67,0xEC67,0xEC47,0xEC67,0xEC67,0xEC47,0xEC47,0xEC47,0xEC47,0xEC47,0xEC47,0xEC67,0xEC67,0xEC67,0xEC67,0xEC67,
  0xEC67,0xEC67,0xEC67,0xEC67,0xEC67,0xEC67,0xEC67,0xEC67,0xEC67,0xEC67,0xEC67,0xEC67,0xEC67,0xEC67,0xEC67,0xEC67,
  0xEC67,0xEC67,0xEC67,0xEC67,0xEC67,0xEC67,0xEC67,0xEC67,0xEC67,0xEC67,0xEC67,0xEC87,0xF487,0xEC87,0xEC87,0xEC67,
  0xEC47,0xEC47,0xEC27,0xEC27,0xEC27,0xEC47,0xDC07,0xBB65,0x71C2,0x38C0,0x30A0,0x38C0,0x38A0,0x48E1,0x5121,0x40E0,
  0x1860,0x00C4,0x006D,0x005B,0x1840,0x40E1,0x5921,0x5121,0x5121,0x5121,0x4921,0x40E1,0x71C2,0xD3E6,0xEC67,0xEC67,
  0xF467,0xEC67,0xEC47,0xEC67,0xEC67,0xEC67,0xEC67,0xEC67,0xEC67,0xEC67,0xEC67,0xEC67,0xEC67,0xEC67,0xEC67,0xEC67,
  0xEC67,0xEC67,0xEC67,0xEC67,0xEC67,0xEC47,0xEC67,0xEC47,0xEC47,0xEC47,0xEC67,0xEC67,0xEC67,0xEC47,0xEC67,0xEC67,
  0xEC67,0xEC67,0xEC67,0xEC67,0xEC67,0xEC67,0xEC67,0xEC67,0xEC67,0xEC67,0xEC67,0xEC67,0xEC67,0xEC67,0xEC47,0xEC47,
  0xEC67,0xEC67,0xEC67,0xEC67,0xEC67,0xEC67,0xEC67,0xEC67,0xEC67,0xEC87,0xF487,0xF487,0xF488,0xEC87,0xEC67,0xEC47,
  0xEC47,0xEC27,0xEC47,0xE427,0xA2A4,0x5942,0x40E1,0x38C0,0x40E0,0x40C0,0x38C0,0x40C0,0x4901,0x30A0,0x0820,0x00C5,
  0x006F,0x0057,0x2880,0x4901,0x4921,0x4901,0x4901,0x4921,0x4901,0x69A2,0x9284,0xA2C4,0xBB65,0xE427,0xF487,0xEC87,
  0xEC67,0xEC67,0xEC67,0xEC67,0xEC67,0xEC67,0xEC67,0xEC67,0xEC67,0xEC67,0xEC67,0xEC67,0xEC67,0xEC67,0xEC67,0xEC67,
  0xEC67,0xEC67,0xEC67,0xEC67,0xEC47,0xEC67,0xEC67,0xEC67,0xEC67,0xEC47,0xEC67,0xEC67,0xEC67,0xF467,0xEC67,0xEC67,
  0xEC67,0xEC67,0xEC67,0xEC67,0xEC67,0xEC67,0xEC67,0xEC67,0xEC67,0xEC47,0xEC47,0xEC47,0xEC47,0xEC67,0xEC67,0xEC67,
  0xEC67,0xEC67,0xEC67,0xEC67,0xEC67,0xEC87,0xF488,0xEC88,0xEC88,0xEC88,0xF487,0xEC47,0xE426,0xE407,0xBB45,0x71C2,
  0x38C1,0x38C0,0x40E0,0x40E1,0x40E0,0x40E0,0x40C0,0x30A0,0x1840,0x00C6,0x0070,0x0054,0x1840,0x40E1,0x4921,0x4901,
  0x4901,0x5121,0x5121,0x5101,0x4901,0x5121,0x69A2,0x9AA4,0xDC06,0xF4A7,0xEC67,0xEC67,0xEC47,0xEC47,0xEC47,0xEC67,
  0xEC67,0xEC67,0xEC67,0xEC67,0xEC47,0xEC47,0xEC67,0xEC67,0xEC67,0xEC67,0xEC67,0xEC67,0xEC67,0xEC67,0xEC67,0xEC67,
  0xEC67,0xEC67,0xEC67,0xEC67,0xEC67,0xEC67,0xEC67,0xEC67,0xEC67,0xEC67,0xEC67,0xEC67,0xEC67,0xEC67,0xEC67,0xEC67,
  0xEC67,0xEC47,0xEC47,0xEC47,0xEC47,0xEC47,0xEC47,0xEC67,0xEC67,0xEC67,0xEC67,0xEC67,0xEC67,0xEC88,0xEC88,0xEC88,
  0xECA8,0xF4C8,0xECA8,0xB365,0x61A2,0x5142,0x5982,0x40E1,0x3080,0x38C0,0x38C0,0x38E0,0x40E0,0x40E0,0x38C0,0x2060,
  0x00C7,0x0071,0x0052,0x0820,0x2880,0x4101,0x5121,0x5121,0x5941,0x5941,0x5121,0x4901,0x40E0,0x38C0,0x6182,0xB325,
  0xE447,0xF487,0xF487,0xF487,0xF467,0xEC67,0xEC67,0xEC67,0xEC47,0xEC47,0xEC47,0xEC47,0xEC47,0xEC67,0xEC67,0xEC67,
  0xEC67,0xEC67,0xEC67,0xEC67,0xEC67,0xEC67,0xEC67,0xEC67,0xEC67,0xEC67,0xEC67,0xEC47,0xEC67,0xEC67,0xEC67,0xEC67,
  0xEC67,0xEC67,0xEC67,0xEC67,0xEC67,0xEC67,0xEC47,0xEC47,0xEC47,0xEC27,0xEC27,0xEC47,0xEC47,0xEC67,0xEC67,0xEC67,
  0xEC67,0xEC67,0xEC67,0xEC88,0xF4A8,0xF4A8,0xE447,0xB345,0x7A03,0x30A0,0x1840,0x1840,0x2060,0x38C0,0x38C0,0x38C0,
  0x38C0,0x38C0,0x30A0,0x1860,0x0820,0x00C8,0x0073,0x004D,0x0820,0x28A0,0x4921,0x5941,0x5941,0x5121,0x4901,0x4900,
  0x4900,0x38C0,0x40E0,0x69A2,0xA2C4,0xBB65,0xAB25,0xCBC6,0xEC87,0xF487,0xEC67,0xEC47,0xEC47,0xEC47,0xEC27,0xEC27,
  0xEC47,0xEC47,0xEC47,0xEC67,0xEC67,0xEC67,0xEC67,0xF487,0xF487,0xEC67,0xEC67,0xEC67,0xEC67,0xEC47,0xEC47,0xEC47,
  0xEC67,0xEC67,0xEC67,0xEC67,0xF467,0xEC67,0xEC67,0xEC67,0xEC67,0xEC47,0xEC47,0xEC27,0xEC27,0xEC27,0xEC47,0xEC47,
  0xEC47,0xEC47,0xEC67,0xF487,0xF488,0xF4A8,0xEC88,0xDC07,0xAB05,0x6982,0x38A0,0x2860,0x2060,0x2080,0x2060,0x28A0,
  0x38C0,0x38C0,0x38C0,0x3080,0x1840,0x00C9,0x0075,0x0049,0x1020,0x38C0,0x5101,0x4901,0x4901,0x48E0,0x40E0,0x40E0,
  0x38C0,0x30A0,0x30A0,0x38C0,0x30C0,0x4901,0x8243,0xCBE6,0xEC47,0xDC06,0xDC06,0xE426,0xEC27,0xEC67,0xF467,0xEC67,
  0xEC67,0xEC67,0xEC67,0xEC67,0xEC87,0xEC88,0xEC87,0xEC67,0xEC67,0xEC67,0xEC47,0xEC47,0xEC47,0xEC47,0xEC47,0xEC47,
  0xEC47,0xEC67,0xEC67,0xEC67,0xEC47,0xEC47,0xEC47,0xEC47,0xEC47,0xEC47,0xF447,0xF467,0xF487,0xF487,0xEC67,0xEC87,
  0xDC07,0xB325,0xA2E4,0xA2E4,0x8A64,0x6161,0x38C0,0x38A0,0x30A0,0x2860,0x2060,0x1040,0x1040,0x28A0,0x38C0,0x2080,
  0x1020,0x00CA,0x0077,0x0041,0x0820,0x1020,0x2880,0x38C0,0x40E0,0x40E0,0x38C0,0x38C0,0x30C0,0x30A0,0x30A0,0x28A0,
  0x2880,0x4921,0x71C2,0x6182,0x5962,0x6182,0x71E2,0x9AA4,0xC3A6,0xDC27,0xE467,0xEC87,0xF4A8,0xF4A8,0xF4A8,0xF4A8,
  0xECA8,0xEC88,0xEC67,0xEC67,0xEC67,0xEC67,0xEC67,0xEC67,0xEC67,0xEC67,0xEC67,0xEC67,0xEC87,0xEC87,0xEC87,0xF467,
  0xF467,0xF467,0xE427,0xC366,0xA2E4,0xB325,0xBB65,0xB325,0xA2C4,0x8A64,0x6182,0x40E1,0x38C0,0x38C0,0x38C0,0x40E0,
  0x40E0,0x40E0,0x3080,0x2040,0x1020,0x00CA,0x00BA,0x0002,0x0820,0x0820,0x00CB,0x007A,0x0040,0x0800,0x1840,0x2880,
  0x30A0,0x30C0,0x28A0,0x2060,0x2060,0x2880,0x30A0,0x38C0,0x38A0,0x38C0,0x38C0,0x38C0,0x38C0,0x40E0,0x5121,0x69A2,
  0x79E3,0x9A84,0xA2A4,0x9A84,0xBB65,0xDC06,0xDC27,0xE447,0xEC87,0xEC67,0xDC07,0xDBE6,0xDBE6,0xD3C6,0xD3C6,0xE406,
  0xE427,0xE427,0xDC07,0xCBC6,0xBB86,0xAB05,0x9AA4,0x9A84,0x69C3,0x30A1,0x2060,0x38C0,0x4901,0x48E1,0x48E1,0x48E0,
  0x48E0,0x4901,0x40E1,0x40E0,0x38E0,0x38C0,0x30A0,0x3080,0x30A0,0x2060,0x1840,0x2060,0x0820,0x00CC,0x007D,0x0003,
  0x0800,0x0820,0x0800,0x00CC,0x0082,0x0038,0x1020,0x2860,0x38A0,0x38E0,0x40E0,0x40E0,0x4901,0x4901,0x5121,0x4901,
  0x4901,0x4901,0x48E0,0x38C0,0x38C0,0x4921,0x6182,0x69A2,0x71A2,0x8243,0x8243,0x61A2,0x5982,0x5962,0x5141,0x5121,
  0x6982,0x71C2,0x69A2,0x6182,0x5941,0x4901,0x40E1,0x38C0,0x2880,0x1840,0x1840,0x1840,0x2880,0x48E0,0x5101,0x5121,
  0x5121,0x4901,0x4901,0x40C0,0x38C0,0x38C0,0x4921,0x5962,0x8243,0xAB25,0x40E1,0x2060,0x30A0,0x1040,0x00CD,0x0082,
  0x0038,0x28A1,0x8A64,0x69A2,0x4901,0x40E0,0x40E0,0x40E0,0x4900,0x4901,0x5121,0x5121,0x5121,0x4921,0x38C0,0x30A0,
  0x38E0,0x4921,0x4901,0x48E0,0x40E0,0x40E0,0x4101,0x4101,0x38C0,0x30A0,0x38A0,0x38E0,0x4901,0x4901,0x4901,0x4921,
  0x4921,0x4101,0x38C0,0x28A0,0x2060,0x1840,0x1840,0x1840,0x30A0,0x40C0,0x40C0,0x48E0,0x4901,0x4901,0x5121,0x71A2,
  0xA2C4,0xCBC6,0xDC07,0xEC87,0xDC47,0x5141,0x2060,0x30A0,0x2060,0x00CE,0x0082,0x0038,0x4121,0xE447,0xE427,0xC366,
  0xB325,0xB305,0x9263,0x6182,0x5121,0x4901,0x40E0,0x40E0,0x38C0,0x28A0,0x2060,0x2060,0x40E0,0x5121,0x5121,0x5121,
  0x5121,0x4921,0x40E0,0x30A0,0x30A0,0x30A0,0x30A0,0x40E0,0x5121,0x5121,0x5141,0x5141,0x4901,0x38C0,0x30A0,0x2080,
  0x1860,0x1840,0x1840,0x30A0,0x5941,0x71A2,0xA2C4,0xB325,0xBB45,0xCBC6,0xE447,0xF487,0xEC67,0xEC67,0xEC67,0xDC07,
  0x5162,0x28C0,0x4901,0x30A0,0x00CF,0x007F,0x003B,0x1840,0x2880,0x2060,0x5962,0xDC26,0xEC67,0xEC67,0xF488,0xF488,
  0xEC67,0xDBE7,0xC386,0xB325,0xA2C4,0xA2A4,0x8A43,0x30A0,0x1840,0x1840,0x1860,0x30A0,0x38C0,0x40E0,0x40C0,0x30A0,
  0x2880,0x2880,0x2880,0x2860,0x2860,0x2880,0x40C0,0x4901,0x4901,0x4101,0x38E1,0x28A0,0x2060,0x1020,0x1020,0x2060,
  0x1820,0x6182,0xDC06,0xE427,0xEC67,0xF487,0xF488,0xEC88,0xEC88,0xEC67,0xEC67,0xEC67,0xEC67,0xE447,0x69C2,0x38E1,
  0x5121,0x38C0,0x00D0,0x007F,0x0013,0x30A0,0x40E0,0x30A0,0x61A2,0xE426,0xEC46,0xEC27,0xEC47,0xEC47,0xEC67,0xEC68,
  0xEC88,0xEC88,0xEC67,0xF467,0xC385,0x28A0,0x1840,0x1040,0x00D0,0x0095,0x000E,0x0820,0x1020,0x0820,0x0800,0x0800,
  0x0800,0x0800,0x0800,0x0800,0x1020,0x1040,0x0820,0x0800,0x0800,0x00D0,0x00A6,0x0014,0x0820,0x2880,0x2060,0x5982,
  0xE427,0xEC47,0xEC47,0xEC47,0xEC67,0xEC67,0xEC67,0xEC67,0xEC67,0xEC67,0xEC67,0xEC67,0x8A84,0x38E0,0x4921,0x38A0,
  0x00D1,0x007F,0x0013,0x30A0,0x48E0,0x30A0,0x71E3,0xEC47,0xEC47,0xEC47,0xEC47,0xEC47,0xEC47,0xEC47,0xEC47,0xEC47,
  0xE427,0xEC47,0xA2C4,0x1860,0x2060,0x1020,0x00D1,0x00A6,0x0014,0x1840,0x38C0,0x30A0,0x5962,0xE427,0xEC67,0xEC47,
  0xEC67,0xEC67,0xEC67,0xEC67,0xEC67,0xEC67,0xEC67,0xEC47,0xEC67,0x9AA4,0x38C0,0x4901,0x2880,0x00D2,0x007F,0x0013,
  0x30A0,0x40E0,0x38C0,0x92A4,0xEC67,0xEC27,0xEC47,0xEC47,0xEC47,0xEC47,0xEC47,0xEC47,0xEC47,0xEC47,0xEC47,0x8243,
  0x1840,0x2860,0x2040,0x00D2,0x00A6,0x0016,0x1860,0x4921,0x40E0,0x79E2,0xEC67,0xEC67,0xEC47,0xEC67,0xEC67,0xEC67,
  0xEC67,0xEC47,0xEC47,0xEC47,0xEC27,0xEC47,0x8243,0x28A0,0x38C0,0x3080,0x1040,0x0820,0x00D3,0x007C,0x0016,0x0820,
  0x1860,0x30A0,0x40E0,0x40E0,0x38C0,0xA2C5,0xEC67,0xEC47,0xEC47,0xEC47,0xEC27,0xEC47,0xEC47,0xEC47,0xEC47,0xEC47,
  0xEC67,0x8223,0x2860,0x38C0,0x2880,0x00D3,0x00A6,0x0018,0x2060,0x5941,0x4921,0x71C2,0xE426,0xEC67,0xEC47,0xEC67,
  0xEC47,0xEC47,0xEC47,0xEC47,0xEC47,0xEC47,0xEC27,0xE406,0x69A2,0x2080,0x2880,0x30A0,0x40E0,0x40E0,0x38C0,0x1840,
  0x00D4,0x007A,0x0018,0x0820,0x30A0,0x40E1,0x4901,0x4901,0x40E0,0x38C0,0x38C0,0xA2E4,0xF487,0xEC47,0xEC47,0xEC47,
  0xEC47,0xEC47,0xEC47,0xEC47,0xEC47,0xEC47,0xEC67,0x9263,0x40E0,0x5121,0x28A0,0x00D4,0x00A6,0x001A,0x1040,0x5141,
  0x5141,0x5961,0xCBA6,0xF487,0xEC47,0xEC67,0xEC47,0xEC47,0xEC47,0xEC47,0xEC47,0xEC47,0xEC27,0xE427,0x71E3,0x1860,
  0x2080,0x3080,0x40E0,0x4901,0x5101,0x5101,0x38A0,0x1020,0x00D5,0x0079,0x0019,0x2080,0x4101,0x5121,0x4901,0x40E1,
  0x40E1,0x4901,0x5101,0x5941,0xCBA6,0xF487,0xEC47,0xEC47,0xEC47,0xEC47,0xEC47,0xEC47,0xEC47,0xEC47,0xEC47,0xEC27,
  0x79E2,0x40E0,0x5121,0x1860,0x00D5,0x00A6,0x001B,0x0820,0x5141,0x5941,0x5141,0xBB65,0xF487,0xEC47,0xEC47,0xEC47,
  0xEC47,0xEC47,0xEC47,0xEC47,0xEC47,0xEC27,0xEC47,0xCB86,0x8223,0x8223,0x8203,0x6982,0x5101,0x4900,0x5121,0x5921,
  0x4901,0x2080,0x00D6,0x0077,0x001B,0x0820,0x38C0,0x5121,0x4901,0x40E1,0x5101,0x69A2,0x9A84,0xC386,0xCBC6,0xD3E7,
  0xEC67,0xEC67,0xEC67,0xEC47,0xEC47,0xEC47,0xEC47,0xEC47,0xEC47,0xEC47,0xEC47,0xD3C6,0x5961,0x40E0,0x4100,0x1860,
  0x00D6,0x00A5,0x001D,0x0820,0x40E1,0x6161,0x5141,0x5141,0xC386,0xF487,0xEC47,0xEC67,0xEC67,0xEC67,0xEC67,0xEC67,
  0xEC67,0xEC47,0xEC47,0xEC27,0xEC27,0xEC27,0xEC47,0xEC47,0xE407,0xC345,0x8A03,0x5921,0x5121,0x5921,0x5121,0x2080,
  0x00D7,0x0076,0x001D,0x0820,0x38C0,0x5121,0x4921,0x4901,0x71E3,0xB325,0xDC06,0xEC67,0xEC87,0xF488,0xF488,0xEC67,
  0xEC67,0xEC67,0xEC67,0xEC67,0xEC47,0xEC47,0xEC47,0xEC47,0xEC47,0xEC47,0xCBA6,0x5121,0x30C0,0x40E0,0x30C0,0x0820,
  0x00D7,0x00A5,0x001E,0x30C0,0x6161,0x5961,0x71E2,0xB325,0xEC47,0xEC67,0xEC67,0xEC67,0xEC67,0xEC67,0xEC67,0xEC67,
  0xEC67,0xEC67,0xEC47,0xEC47,0xEC47,0xEC26,0xEC27,0xEC47,0xEC67,0xF488,0xEC67,0xBB45,0x6982,0x5101,0x5121,0x4901,
  0x1040,0x00D8,0x0076,0x001D,0x30A0,0x40E0,0x4101,0x4921,0x9284,0xDC27,0xEC67,0xEC47,0xEC47,0xEC47,0xEC47,0xEC67,
  0xEC67,0xEC67,0xEC67,0xEC67,0xEC67,0xEC67,0xEC47,0xEC47,0xEC47,0xEC47,0xEC47,0xEC27,0xAB05,0x5121,0x30C0,0x38C0,
  0x2880,0x00D8,0x00A4,0x0020,0x1040,0x5121,0x5941,0x6161,0xC385,0xF488,0xEC67,0xEC67,0xEC67,0xEC67,0xEC67,0xEC67,
  0xF467,0xF467,0xF467,0xF467,0xEC67,0xEC67,0xEC47,0xEC47,0xEC47,0xEC47,0xEC47,0xEC47,0xEC67,0xF488,0xCB86,0x5941,
  0x4901,0x4901,0x40E1,0x0820,0x00D9,0x0075,0x001F,0x1860,0x40E0,0x4101,0x5121,0xA2E4,0xEC67,0xEC87,0xEC47,0xEC47,
  0xEC47,0xEC47,0xEC67,0xEC67,0xEC67,0xEC67,0xEC67,0xEC67,0xEC67,0xEC67,0xEC67,0xEC47,0xEC47,0xEC47,0xEC47,0xEC47,
  0xEC47,0xBB45,0x4921,0x30C0,0x38C0,0x1860,0x00D9,0x00A4,0x0020,0x2880,0x5921,0x4901,0x71C2,0xE427,0xEC47,0xEC47,
  0xEC67,0xEC67,0xEC67,0xEC67,0xEC67,0xEC67,0xEC87,0xEC87,0xF487,0xEC67,0xEC67,0xEC67,0xEC47,0xEC47,0xEC47,0xEC47,
  0xEC47,0xEC47,0xEC47,0xF467,0xAAE4,0x40E1,0x4101,0x4901,0x1860,0x00DA,0x0075,0x001F,0x30A0,0x40E0,0x40E1,0x9AA4,
  0xF4C8,0xEC88,0xEC67,0xEC67,0xEC47,0xEC47,0xEC47,0xEC47,0xEC67,0xEC47,0xEC67,0xEC67,0xEC67,0xEC67,0xEC67,0xEC67,
  0xEC67,0xEC67,0xEC67,0xEC47,0xEC47,0xEC27,0xEC47,0x8A43,0x30A0,0x38E0,0x28A0,0x00DA,0x00A4,0x0020,0x38A0,0x5121,
  0x4901,0x9A84,0xEC47,0xEC27,0xEC47,0xEC47,0xEC47,0xEC67,0xEC67,0xEC67,0xEC67,0xEC87,0xEC87,0xEC67,0xEC67,0xEC67,
  0xEC67,0xEC67,0xEC47,0xEC47,0xEC47,0xEC47,0xEC47,0xEC47,0xEC47,0xE427,0x71E3,0x40E1,0x4901,0x30C0,0x00DB,0x0074,
  0x0021,0x1040,0x38C0,0x38C0,0x5121,0xD3E6,0xF4A8,0xEC88,0xEC87,0xEC67,0xEC67,0xEC67,0xEC67,0xEC47,0xEC47,0xEC47,
  0xEC67,0xEC67,0xEC67,0xEC67,0xEC67,0xEC67,0xEC67,0xEC67,0xEC67,0xEC67,0xEC47,0xEC47,0xEC47,0xBB45,0x4901,0x38E0,
  0x38C0,0x0820,0x00DB,0x00A3,0x0022,0x0820,0x38E0,0x4901,0x5141,0xC386,0xEC47,0xEC27,0xEC47,0xEC47,0xEC47,0xEC67,
  0xEC67,0xEC67,0xEC67,0xEC67,0xF467,0xF467,0xEC67,0xEC67,0xEC67,0xEC67,0xEC47,0xEC67,0xEC67,0xEC67,0xEC67,0xEC67,
  0xEC47,0xEC87,0xAB05,0x4921,0x5141,0x4901,0x1040,0x00DC,0x0074,0x0021,0x2060,0x40E0,0x38C0,0x8243,0xEC87,0xEC67,
  0xEC67,0xEC67,0xEC67,0xEC67,0xEC67,0xEC67,0xEC47,0xEC67,0xEC47,0xEC67,0xEC67,0xEC67,0xEC67,0xEC67,0xEC67,0xEC67,
  0xF467,0xEC67,0xEC67,0xEC67,0xEC47,0xEC47,0xD3C6,0x6162,0x40E0,0x4901,0x1860,0x00DC,0x00A3,0x0022,0x1040,0x48E1,
  0x40E1,0x69A2,0xDC06,0xEC47,0xEC47,0xEC47,0xEC67,0xEC67,0xEC67,0xEC67,0xEC67,0xEC67,0xEC67,0xEC67,0xEC67,0xEC67,
  0xEC67,0xEC67,0xEC67,0xEC67,0xEC67,0xEC67,0xEC67,0xEC67,0xEC67,0xEC67,0xF487,0xCBA6,0x6162,0x5941,0x5941,0x2060,
  0x00DD,0x0074,0x0021,0x40E1,0x5121,0x5101,0xAB25,0xF4A8,0xEC67,0xEC67,0xEC67,0xEC67,0xEC67,0xEC67,0xEC67,0xEC67,
  0xEC67,0xEC67,0xEC67,0xEC67,0xEC67,0xEC67,0xEC67,0xEC67,0xEC67,0xF467,0xF467,0xEC67,0xEC67,0xEC47,0xEC67,0xD3A6,
  0x6161,0x5101,0x5121,0x2080,0x00DD,0x00A3,0x0022,0x1840,0x4901,0x4901,0x6982,0xDC06,0xF467,0xEC67,0xEC67,0xEC67,
  0xEC67,0xEC67,0xEC67,0xEC67,0xEC67,0xEC67,0xEC67,0xEC67,0xEC67,0xEC67,0xEC67,0xEC67,0xEC67,0xEC67,0xEC87,0xEC67,
  0xEC67,0xEC87,0xEC87,0xF487,0xD3E6,0x6182,0x5941,0x5961,0x2080,0x00DE,0x0073,0x0022,0x1040,0x5121,0x5121,0x5121,
  0xA2E4,0xF487,0xEC47,0xEC67,0xEC67,0xEC67,0xEC67,0xEC47,0xEC67,0xEC67,0xEC67,0xEC67,0xEC67,0xEC67,0xEC67,0xEC67,
  0xEC67,0xEC67,0xEC67,0xEC67,0xEC67,0xEC47,0xEC67,0xEC47,0xEC68,0xD3C6,0x6962,0x5121,0x5941,0x2060,0x00DE,0x00A3,
  0x0022,0x0820,0x4901,0x5121,0x5121,0xBB45,0xF4A8,0xEC68,0xEC67,0xF467,0xEC67,0xEC67,0xEC67,0xEC47,0xEC67,0xEC67,
  0xEC67,0xEC67,0xEC67,0xEC67,0xEC67,0xEC67,0xEC87,0xF487,0xF487,0xF487,0xF487,0xEC88,0xEC88,0xF4C8,0xBB65,0x5961,
  0x5941,0x5941,0x1860,0x00DF,0x0073,0x0022,0x1020,0x4901,0x5121,0x4901,0x8223,0xEC47,0xEC47,0xEC47,0xEC47,0xEC47,
  0xEC47,0xEC47,0xEC67,0xEC67,0xEC67,0xEC67,0xEC87,0xEC87,0xEC87,0xEC67,0xEC67,0xEC67,0xEC67,0xEC47,0xEC47,0xEC47,
  0xEC47,0xEC47,0xF488,0xAAE4,0x5941,0x5941,0x5121,0x1040,0x00DF,0x00A3,0x0022,0x0800,0x4901,0x5941,0x5121,0x8203,
  0xEC67,0xECA8,0xEC68,0xEC67,0xEC67,0xEC67,0xEC47,0xEC47,0xEC47,0xEC67,0xEC47,0xEC67,0xEC67,0xEC67,0xEC87,0xF487,
  0xF487,0xF487,0xF487,0xF487,0xEC87,0xEC88,0xECA8,0xE467,0x7A03,0x5141,0x5961,0x5121,0x0820,0x00E0,0x0074,0x0020,
  0x38E0,0x5121,0x4901,0x6182,0xD3E6,0xEC67,0xEC27,0xEC47,0xEC47,0xEC47,0xEC47,0xEC67,0xEC67,0xEC67,0xEC87,0xEC87,
  0xF487,0xF487,0xEC87,0xEC67,0xEC67,0xEC67,0xEC47,0xEC47,0xEC27,0xEC47,0xEC67,0xB325,0x5941,0x5921,0x5941,0x40E1,
  0x00E0,0x00A4,0x0020,0x30A0,0x5921,0x5141,0x5141,0x9264,0xE467,0xF4A8,0xEC67,0xEC67,0xEC47,0xEC47,0xEC47,0xEC47,
  0xEC47,0xEC67,0xEC67,0xEC67,0xEC87,0xEC87,0xECA8,0xECA8,0xECA8,0xECA8,0xEC88,0xECA8,0xF4A8,0xEC67,0x9264,0x4901,
  0x4901,0x5121,0x30C0,0x00E1,0x0074,0x0020,0x2880,0x5121,0x5121,0x5121,0x9AA4,0xEC47,0xF467,0xEC47,0xEC47,0xEC47,
  0xEC47,0xEC67,0xEC67,0xEC87,0xEC87,0xEC87,0xEC88,0xEC88,0xEC88,0xEC88,0xEC67,0xEC47,0xEC47,0xEC47,0xEC47,0xE427,
  0x92A4,0x40E1,0x40E1,0x5121,0x5921,0x2060,0x00E1,0x00A4,0x0020,0x1040,0x5121,0x5121,0x5121,0x4101,0x71E3,0xCBC6,
  0xF488,0xF4A8,0xEC87,0xEC47,0xEC47,0xEC47,0xEC47,0xEC47,0xEC67,0xEC67,0xEC87,0xEC87,0xECA8,0xECA8,0xECC8,0xECC8,
  0xF4C8,0xE467,0xC3A6,0x7A03,0x40E0,0x40E0,0x40E0,0x40E0,0x0820,0x00E2,0x0074,0x001F,0x1020,0x5121,0x5921,0x5941,
  0x5941,0x8203,0xC386,0xE447,0xF487,0xF467,0xEC47,0xEC67,0xEC67,0xEC87,0xEC88,0xEC88,0xEC88,0xECA8,0xECA8,0xECA8,
  0xEC88,0xF488,0xEC67,0xDC06,0xBB45,0x69C2,0x2880,0x30A0,0x38C0,0x4901,0x30A0,0x00E2,0x00A5,0x001E,0x28A0,0x5121,
  0x5101,0x4901,0x30A0,0x40E1,0x7203,0xA2E5,0xDBE6,0xF467,0xF487,0xF487,0xF467,0xF467,0xF487,0xF4A7,0xF4A8,0xF4C8,
  0xF4E8,0xF4C8,0xECA8,0xE467,0xB345,0x61A2,0x38C0,0x38C0,0x40E0,0x40E0,0x40E0,0x2080,0x00E3,0x0075,0x001D,0x30A0,
  0x6141,0x5941,0x5941,0x4901,0x5141,0x7A03,0xA2E4,0xCBC6,0xE447,0xEC87,0xEC87,0xF4A8,0xF4C8,0xF4C8,0xF4C8,0xF4A8,
  0xECA8,0xEC88,0xE467,0xC3A6,0x8243,0x5141,0x38A0,0x2860,0x30A0,0x30A0,0x38C0,0x2880,0x00E3,0x00A6,0x001C,0x30A0,
  0x5101,0x38C0,0x28A0,0x2880,0x2860,0x2880,0x5941,0x8A23,0x9AA4,0xB345,0xC385,0xCBA6,0xCBC6,0xCBC6,0xB365,0xAB25,
  0xA305,0x8A43,0x69A2,0x5121,0x30A0,0x2060,0x2880,0x40C0,0x48E0,0x40E0,0x2880,0x00E4,0x0076,0x001B,0x38C0,0x5941,
  0x5921,0x5121,0x4901,0x40C0,0x40E0,0x5141,0x71C2,0x8223,0x8243,0x8A63,0x9AC4,0xA305,0x9AC4,0x9264,0x8223,0x71E2,
  0x69A2,0x40E1,0x2880,0x2060,0x2880,0x30A0,0x38C0,0x38A0,0x2060,0x00E4,0x00A7,0x001A,0x2060,0x30A0,0x2880,0x2880,
  0x30A0,0x30A0,0x3080,0x3080,0x30A0,0x38C0,0x40E1,0x4101,0x4901,0x38C1,0x2860,0x2040,0x2060,0x2060,0x2060,0x2060,
  0x2880,0x30A0,0x3080,0x30A0,0x30A0,0x1040,0x00E5,0x0077,0x0019,0x2080,0x4901,0x5121,0x5101,0x4900,0x48E1,0x40E0,
  0x48E0,0x48E0,0x38C0,0x3080,0x2860,0x2060,0x2060,0x3080,0x38C0,0x38C0,0x38C0,0x38C0,0x30A0,0x30A0,0x30A0,0x30A0,
  0x2080,0x1020,0x00E5,0x00A8,0x0017,0x0820,0x1840,0x2060,0x2880,0x3080,0x38A0,0x38C0,0x40E0,0x38E0,0x38C0,0x28A0,
  0x2060,0x1840,0x1840,0x1840,0x2060,0x2880,0x2880,0x2880,0x2880,0x2880,0x1840,0x1020,0x00E6,0x0078,0x0016,0x0820,
  0x2880,0x40E0,0x4901,0x5101,0x5101,0x4901,0x48E0,0x40C0,0x30A0,0x2880,0x2880,0x2060,0x2880,0x30A0,0x40E0,0x40E0,
  0x38C0,0x30A0,0x2880,0x1860,0x0820,0x00E6,0x00AB,0x0011,0x1020,0x2060,0x3080,0x38A0,0x40C0,0x40E0,0x38C0,0x2880,
  0x2860,0x2040,0x2040,0x1840,0x1840,0x2060,0x2060,0x1840,0x0820,0x00E7,0x007B,0x0010,0x1840,0x2880,0x2880,0x30A0,
  0x30A0,0x2880,0x2860,0x2060,0x2060,0x1840,0x1840,0x2060,0x2880,0x2060,0x1040,0x0820,0x00E7,0x00AE,0x0008,0x1020,
  0x1040,0x1860,0x2060,0x1020,0x1020,0x1020,0x0800,0xFFFF,
};

static const uint16_t PEEL_ready_fx_right_0[] PROGMEM = {
  0x00C2,0x0059,0x0001,0x1040,0x00C2,0x00E0,0x0002,0x28C1,0x1040,0x00C3,0x0058,0x0003,0x8263,0xC3A5,0x4101,0x00C3,
  0x00DF,0x0003,0x6A43,0xDCA8,0x82C4,0x00C4,0x0057,0x0005,0x1880,0xCC26,0xF528,0xAB65,0x0820,0x00C4,0x00DE,0x0005,
  0x28C1,0xD4A8,0xF5CB,0xC448,0x1060,0x00C5,0x0057,0x0005,0x1060,0xBBC6,0xECE8,0xDC87,0x4142,0x00C5,0x00DE,0x0005,
  0x7A84,0xF549,0xF569,0xABA6,0x0820,0x00C6,0x0058,0x0004,0x9B45,0xED09,0xED08,0x92E4,0x00C6,0x00DD,0x0005,0x20C1,
  0xD467,0xF548,0xED28,0x6203,0x00C7,0x0050,0x0002,0x0800,0x1040,0x00C7,0x0058,0x0005,0x6203,0xED08,0xED28,0xDCA7,
  0x3901,0x00C7,0x00DD,0x0005,0x82C4,0xED08,0xED08,0xC406,0x1860,0x00C8,0x0050,0x0003,0x7223,0xBB86,0x28C1,0x00C8,
  0x0058,0x0005,0x20A1,0xD467,0xED69,0xF549,0x9B05,0x00C8,0x00DC,0x0005,0x3921,0xDC87,0xE508,0xE4E8,0x6203,0x00C9,
  0x004F,0x0004,0x0840,0xB3C6,0xF548,0x9B05,0x00C9,0x0059,0x0005,0x8284,0xED48,0xE509,0xECC8,0x5182,0x00C9,0x00DB,
  0x0006,0x1060,0xB3C6,0xED28,0xF528,0xB3C6,0x1040,0x00C9,0x00E7,0x0002,0x0020,0x28C1,0x00CA,0x004F,0x0005,0x0820,
  0xB3C6,0xED08,0xCC27,0x28C1,0x00CA,0x0059,0x0006,0x20A1,0xCC27,0xED28,0xED08,0xCC06,0x20A1,0x00CA,0x00DB,0x0005,
  0x92E4,0xED28,0xE509,0xE508,0x4982,0x00CA,0x00E7,0x0003,0x8284,0xDC87,0x51A2,0x00CB,0x0050,0x0004,0x9B45,0xED08,
  0xE4A8,0x59C3,0x00CB,0x005A,0x0006,0x59E3,0xECE8,0xE4E8,0xED08,0xAB45,0x1040,0x00CB,0x00DA,0x0005,0x7243,0xED28,
  0xED48,0xF549,0x8AE4,0x00CB,0x00E6,0x0004,0x4142,0xE4E8,0xFD89,0x7AA4,0x00CC,0x0050,0x0005,0x7243,0xECE7,0xECC8,
  0xA345,0x0820,0x00CC,0x005A,0x0007,0x0820,0x9B05,0xED08,0xE4E8,0xF4E8,0x9AE5,0x0820,0x00CC,0x00D9,0x0006,0x6203,
  0xE4E8,0xE529,0xED49,0xB3E6,0x1060,0x00CC,0x00E5,0x0005,0x0820,0xAB85,0xF569,0xED48,0x59E3,0x00CD,0x0050,0x0005,
  0x3101,0xDC87,0xECE7,0xE487,0x4121,0x00CD,0x005B,0x0007,0x1880,0xC3E6,0xF528,0xE4E8,0xF508,0xA325,0x1860,0x00CD,
  0x00D8,0x0006,0x7243,0xE4E8,0xE508,0xED29,0xC447,0x28E1,0x00CD,0x00E5,0x0005,0x51C2,0xE508,0xED49,0xDCC7,0x28C1,
  0x00CE,0x0050,0x0006,0x0820,0xA365,0xECE7,0xECE7,0xA325,0x0820,0x00CE,0x005C,0x0007,0x3901,0xDC67,0xED29,0xE509,
  0xF529,0xBBA6,0x28C1,0x00CE,0x00D6,0x0007,0x0840,0x82C4,0xED28,0xE528,0xED28,0xDCA7,0x3941,0x00CE,0x00E4,0x0005,
  0x1860,0xC406,0xED28,0xED49,0x9325,0x00CF,0x0051,0x0005,0x59C3,0xE4C8,0xE4E8,0xECC8,0x59C2,0x00CF,0x005D,0x0007,
  0x5182,0xDCA8,0xED49,0xE509,0xF549,0xCC47,0x5162,0x00CF,0x00D5,0x0007,0x28C1,0xAB86,0xF549,0xE529,0xF569,0xDCA7,
  0x4982,0x00CF,0x00E4,0x0005,0x9305,0xF548,0xED28,0xE4E8,0x3921,0x00D0,0x0051,0x0006,0x1040,0xBBC6,0xF528,0xED28,
  0xD447,0x28C1,0x00D0,0x005E,0x0008,0x5182,0xDC87,0xF569,0xE529,0xED29,0xE4A8,0x7A64,0x1040,0x00D0,0x00D4,0x0007,
  0x51A2,0xCC67,0xED69,0xED49,0xF569,0xCC67,0x4142,0x00D0,0x00E3,0x0005,0x6A43,0xED69,0xE549,0xF569,0x9305,0x00D1,
  0x0052,0x0006,0x59C2,0xED08,0xE529,0xF549,0xB3A6,0x1060,0x00D1,0x005F,0x0008,0x3901,0xBBC6,0xF528,0xED08,0xE4E7,
  0xECC8,0xA325,0x1860,0x00D1,0x00D3,0x0007,0x7243,0xDCC8,0xED29,0xED49,0xED49,0xABA6,0x28E1,0x00D1,0x00E2,0x0006,
  0x51A2,0xE528,0xED89,0xED8A,0xCC88,0x20C1,0x00D2,0x0052,0x0007,0x0820,0xA325,0xF549,0xED29,0xF549,0x9B25,0x1040,
  0x00D2,0x0060,0x0007,0x1040,0x7243,0xCC47,0xECE7,0xECC7,0xF4E7,0x7203,0x00D2,0x00D2,0x0007,0x20A1,0xDCA7,0xED48,
  0xED08,0xC447,0x6223,0x0840,0x00D2,0x00E1,0x0006,0x4962,0xDCE8,0xED8A,0xED69,0xED49,0x51C3,0x00D3,0x0053,0x0007,
  0x28A1,0xC427,0xF569,0xE529,0xED29,0x9305,0x0820,0x00D3,0x0062,0x0005,0x28C1,0x7A64,0xBBA5,0xC3A5,0x4121,0x00D3,
  0x00D2,0x0005,0x0840,0x82A4,0xABA5,0x7263,0x20A1,0x00D3,0x00E0,0x0006,0x4142,0xD487,0xED69,0xED69,0xF569,0x7AA4,
  0x00D4,0x0054,0x0007,0x4142,0xD487,0xED29,0xE508,0xED08,0x9B05,0x1860,0x00D4,0x0064,0x0002,0x1860,0x1860,0x00D4,
  0x00D4,0x0001,0x0820,0x00D4,0x00DF,0x0007,0x5182,0xD487,0xED29,0xED48,0xF568,0x8AE4,0x0820,0x00D5,0x0055,0x0007,
  0x4942,0xD467,0xED28,0xE4C8,0xF4E8,0xB385,0x30E1,0x00D5,0x00DD,0x0008,0x0820,0x7243,0xDCC8,0xED28,0xED48,0xF548,
  0x8AC4,0x0820,0x00D6,0x0056,0x0008,0x3922,0xCC27,0xF528,0xE4C7,0xECE7,0xDC47,0x7223,0x1040,0x00D6,0x00DC,0x0008,
  0x30E1,0xA366,0xED08,0xED08,0xED48,0xE508,0x7A84,0x0800,0x00D7,0x0057,0x0008,0x28E1,0xAB86,0xED08,0xECE7,0xECE7,
  0xECE7,0xBBC5,0x51A2,0x00D7,0x00DA,0x0008,0x1040,0x7A64,0xD4A8,0xED29,0xE508,0xF548,0xD467,0x51A2,0x00D8,0x0058,
  0x0008,0x1040,0x7A84,0xDCA7,0xF528,0xED07,0xED08,0xECC7,0x7A23,0x00D8,0x00D9,0x0008,0x28C1,0xB3E6,0xED69,0xED49,
  0xED49,0xF549,0xB3A6,0x3101,0x00D9,0x005A,0x0007,0x4142,0xB3A6,0xED08,0xED28,0xF568,0xD426,0x2060,0x00D9,0x00D9,
  0x0007,0x9345,0xFDEA,0xED8A,0xF569,0xD487,0x7243,0x1040,0x00DA,0x005B,0x0006,0x1040,0x59A2,0x9B25,0xC406,0x8264,
  0x0820,0x00DA,0x00D9,0x0005,0x5A03,0xC426,0xB3E6,0x7A84,0x20A1,0x00DB,0x005E,0x0001,0x1040,0x00DB,0x00DA,0x0002,
  0x1860,0x0840,0xFFFF,
};

static const uint16_t PEEL_ready_fx_right_1[] PROGMEM = {
  0x00C6,0x0059,0x0001,0x0820,0x00C6,0x00E0,0x0002,0x2080,0x0820,0x00C7,0x0058,0x0003,0x59C2,0x8AA4,0x28C1,0x00C7,
  0x00DF,0x0003,0x51A2,0xA366,0x61E3,0x00C8,0x0057,0x0005,0x1060,0x92E4,0xB3A5,0x7A64,0x0820,0x00C8,0x00DE,0x0005,
  0x1880,0x9B66,0xAC27,0x8B05,0x1040,0x00C9,0x0057,0x0005,0x1040,0x82C4,0xA385,0x9B25,0x28E1,0x00C9,0x00DE,0x0005,
  0x59C3,0xABC6,0xABE7,0x7AA4,0x0020,0x00CA,0x0058,0x0004,0x7244,0xA3A6,0xABA6,0x6A03,0x00CA,0x00DD,0x0005,0x1880,
  0x9325,0xABC6,0xABC6,0x4982,0x00CB,0x0051,0x0001,0x0820,0x00CB,0x0058,0x0005,0x4962,0xABA6,0xABC6,0xA345,0x28A1,
  0x00CB,0x00DD,0x0005,0x61E3,0xA3A6,0xABA6,0x8AE5,0x1040,0x00CC,0x0050,0x0003,0x5182,0x8A84,0x2081,0x00CC,0x0058,
  0x0005,0x1860,0x9325,0xABE6,0xABC6,0x7224,0x00CC,0x00DC,0x0005,0x28E1,0x9B45,0xA386,0xA386,0x4162,0x00CD,0x004F,
  0x0004,0x0820,0x82A4,0xB3C6,0x7224,0x00CD,0x0059,0x0005,0x59E2,0xABC6,0xA3A6,0xA366,0x3921,0x00CD,0x00DB,0x0006,
  0x0840,0x82C4,0xABA6,0xABA6,0x82C4,0x0820,0x00CD,0x00E8,0x0001,0x1880,0x00CE,0x004F,0x0005,0x0820,0x82A4,0xABA6,
  0x9305,0x1881,0x00CE,0x0059,0x0006,0x1860,0x9305,0xABA6,0xABA6,0x92E4,0x1860,0x00CE,0x00DB,0x0005,0x6A23,0xABA6,
  0xA3A6,0xA386,0x3101,0x00CE,0x00E7,0x0003,0x59C3,0x9B45,0x3921,0x00CF,0x0050,0x0004,0x7264,0xABA6,0xA365,0x4142,
  0x00CF,0x005A,0x0006,0x4142,0xA386,0xA385,0xAB86,0x7A64,0x0820,0x00CF,0x00DA,0x0005,0x51A2,0xABA6,0xABC6,0xABC6,
  0x6203,0x00CF,0x00E6,0x0004,0x30E1,0xA386,0xB406,0x59E3,0x00D0,0x0050,0x0004,0x51A2,0xAB85,0xAB65,0x7244,0x00D0,
  0x005A,0x0007,0x0020,0x6A23,0xABA6,0xA385,0xAB85,0x6A23,0x0820,0x00D0,0x00D9,0x0006,0x4962,0xA385,0xA3C6,0xABE6,
  0x82C4,0x0840,0x00D0,0x00E5,0x0005,0x0820,0x7A84,0xB3E6,0xABC6,0x4162,0x00D1,0x0050,0x0005,0x20C1,0x9B45,0xAB85,
  0xA345,0x28E1,0x00D1,0x005B,0x0007,0x1060,0x8AE4,0xABA6,0xA386,0xABA6,0x7244,0x1040,0x00D1,0x00D8,0x0006,0x51A2,
  0xA386,0xA3A6,0xABC6,0x8B25,0x18A1,0x00D1,0x00E5,0x0005,0x3942,0xA386,0xABC6,0x9B65,0x1880,0x00D2,0x0050,0x0005,
  0x0020,0x7A64,0xAB85,0xAB85,0x7243,0x00D2,0x005C,0x0007,0x28C1,0x9B25,0xABA6,0xA3A6,0xB3C6,0x82A4,0x2081,0x00D2,
  0x00D6,0x0007,0x0820,0x6203,0xABA6,0xA3A6,0xABC6,0x9B45,0x28E1,0x00D2,0x00E4,0x0005,0x1040,0x8AE4,0xABA6,0xABC6,
  0x6A43,0x00D3,0x0051,0x0005,0x4142,0xA365,0xA386,0xA385,0x4142,0x00D3,0x005D,0x0007,0x3901,0xA365,0xABC6,0xA3A6,
  0xABC7,0x9305,0x3901,0x00D3,0x00D5,0x0007,0x1881,0x7A84,0xABC7,0xA3A6,0xABE6,0x9B65,0x3101,0x00D3,0x00E4,0x0005,
  0x6A23,0xABC6,0xABA6,0xA385,0x28C1,0x00D4,0x0051,0x0006,0x0840,0x8AC4,0xABA6,0xABA6,0x9325,0x2081,0x00D4,0x005E,
  0x0008,0x3921,0x9B45,0xB3E6,0xA3A6,0xABC6,0xA365,0x59C3,0x0820,0x00D4,0x00D4,0x0007,0x3941,0x9325,0xABC7,0xA3C7,
  0xB3E7,0x9325,0x30E1,0x00D4,0x00E3,0x0005,0x49A2,0xABE6,0xA3C6,0xABE6,0x6A23,0x00D5,0x0052,0x0006,0x4141,0xABA6,
  0xA3A6,0xABC6,0x7AA4,0x1040,0x00D5,0x005F,0x0008,0x28C1,0x82C4,0xABC6,0xABA5,0xA385,0xAB65,0x7A43,0x1040,0x00D5,
  0x00D3,0x0007,0x51A2,0x9B65,0xABA6,0xABC6,0xABC6,0x7AA4,0x18A1,0x00D5,0x00E2,0x0006,0x3921,0xA3A6,0xAC07,0xAC07,
  0x9345,0x1880,0x00D6,0x0052,0x0007,0x0820,0x7243,0xABC6,0xA3A6,0xABC6,0x6A44,0x0820,0x00D6,0x0060,0x0007,0x0840,
  0x51A2,0x9305,0xAB85,0xA365,0xB385,0x5162,0x00D6,0x00D2,0x0007,0x1880,0x9B65,0xABC6,0xA3A6,0x8B25,0x4982,0x0820,
  0x00D6,0x00E1,0x0006,0x3101,0xA386,0xABE7,0xABE7,0xABC6,0x3942,0x00D7,0x0053,0x0007,0x1880,0x9305,0xABE6,0xA3A6,
  0xABC6,0x6A23,0x0820,0x00D7,0x0062,0x0005,0x1880,0x59C2,0x8AA4,0x8AA4,0x30C1,0x00D7,0x00D2,0x0005,0x0820,0x59E2,
  0x7AA4,0x51C2,0x1080,0x00D7,0x00E0,0x0006,0x30E1,0x9B45,0xABE6,0xA3C6,0xABE6,0x59E3,0x00D8,0x0054,0x0007,0x30E1,
  0x9B45,0xABC6,0xA3A6,0xABA6,0x7223,0x1040,0x00D8,0x0064,0x0002,0x1040,0x1040,0x00D8,0x00D4,0x0001,0x0020,0x00D8,
  0x00DF,0x0007,0x3921,0x9B45,0xABC6,0xA3C6,0xABC6,0x6223,0x0820,0x00D9,0x0055,0x0007,0x30E1,0x9B25,0xABA6,0xA385,
  0xAB85,0x8284,0x20A1,0x00D9,0x00DE,0x0007,0x51A2,0xA365,0xABA6,0xABC6,0xABC6,0x6203,0x0800,0x00DA,0x0056,0x0008,
  0x28C1,0x9305,0xABA6,0xA365,0xAB85,0x9B25,0x5182,0x0820,0x00DA,0x00DC,0x0007,0x20A1,0x7264,0xABA6,0xA3A6,0xABC6,
  0xA386,0x51C3,0x00DB,0x0057,0x0008,0x20A1,0x7A84,0xABA6,0xAB85,0xAB85,0xAB85,0x82A4,0x3921,0x00DB,0x00DA,0x0008,
  0x0840,0x51C3,0x9B65,0xABC6,0xA3A6,0xABC6,0x9325,0x3942,0x00DC,0x0058,0x0008,0x0820,0x59C2,0xA365,0xABC6,0xA385,
  0xABA5,0xAB85,0x5982,0x00DC,0x00D9,0x0008,0x1880,0x82E5,0xABE7,0xABC6,0xABE6,0xABC6,0x7AA4,0x20A1,0x00DD,0x005A,
  0x0007,0x30E1,0x82A4,0xABA6,0xABC6,0xB3E6,0x92E4,0x1840,0x00DD,0x00D9,0x0007,0x6A44,0xB447,0xABE7,0xABE7,0x9345,
  0x51A2,0x0820,0x00DE,0x005B,0x0006,0x0820,0x4122,0x7243,0x8AE4,0x59A2,0x0820,0x00DE,0x00D9,0x0005,0x4162,0x8B04,
  0x82C4,0x51C3,0x1880,0x00DF,0x005E,0x0001,0x1040,0x00DF,0x00DA,0x0002,0x1040,0x0820,0xFFFF,
};
